protein_id,uniprot_id,sequence,length,selection_type,source_pdb_id,expected_protein_class_guess
GCN4_YEAST_Staller_2018,GCN4_YEAST,MSEYQPSLFALNPMGFSPLDGSKSTNENVSASTSTAKPMVGQLIFDKFIKTEEDPIIKQDTPSNLDFDFALPQTATAPDAKTVLPIPELDDAVVESFFSSSTDSTPMFEYENLEDNSKEWTSLFDNDIPVTTDDVSLADKAIESTEEVSLVPSNLEVSTTSFLPTPVLEDAKLTQTRKVKKPNSVVKKSHHVGKDDESRLDHLGVVAYNRKQRSIPLSPIVPESSDPAALKRARNTEAARRSRARKLQRMKQLEDKVEELLSKNYHLENEVARLKKLVGER,281,Binding,GCN4_YEAST,idp_like
CD19_HUMAN_Klesmith_2019_FMC_singles,CD19_HUMAN,MPPPRLLFFLLFLTPMEVRPEEPLVVKVEEGDNAVLQCLKGTSDGPTQQLTWSRESPLKPFLKLSLGLPGLGIHMRPLAIWLFIFNVSQQMGGFYLCQPGPPSEKAWQPGWTVNVEGSGELFRWNVSDLGGLGCGLKNRSSEGPSSPSGKLMSPKLYVWAKDRPEIWEGEPPCLPPRDSLNQSLSQDLTMAPGSTLWLSCGVPPDSVSRGPLSWTHVHPKGPKSLLSLELKDDRPARDMWVMETGLLLPRATAQDAGKYYCHRGNLTMSFHLEITARPVLWHWLLRTGGWKVSAVTLAYLIFCLCSLVGILHLQRALVLRRKRKRMTDPTRRFFKVTPPPGSGPQNQYGNVLSLPTPTSGLGRAQRWAAGLGGTAPSYGNPSSDVQADGALGSRSPPGVGPEEEEGEGYEEPDSEEDSEFYENDSNLGQDQLSQDGSGYENPEDEPLGPEDEDSFSNAESYENEDEELTQPVARTMDFLSPHGSAWDPSREATSLGSQSYEDMRGILYAAPQLRSIRGQPGPNHEEDADSYENMDNPDGPDPAWGGGGRMGTWSTR,556,Binding,CD19_HUMAN,idp_like
A0A1I9GEU1_NEIME_Kennouche_2019,A0A1I9GEU1_NEIME,FTLIELMIVIAIVGILAAVALPAYQDYTARAQVSEAILLAEGQKSAVTEYYLNHGEWPGDNSSAGVATSADIKGKYVQSVTVANGVITAQMASSNVNNEIKSKKLSLWAKRQNGSVKWFCGQPVTRTTATATDVAAANGKTDDKINTKHLPSTCRDDSSAS,161,Activity,A0A1I9GEU1_NEIME,small_globular
AICDA_HUMAN_Gajula_2014_3cycles,AICDA_HUMAN,MDSLLMNRRKFLYQFKNVRWAKGRRETYLCYVVKRRDSATSFSLDFGYLRNKNGCHVELLFLRYISDWDLDPGRCYRVTWFTSWSPCYDCARHVADFLRGNPNLSLRIFTARLYFCEDRKAEPEGLRRLHRAGVQIAIMTFKDYFYCWNTFVENHERTFKAWEGLHENSVRLSRQLRRILLPLYEVDDLRDAFRTLGL,198,Activity,AICDA_HUMAN,small_globular
D7PM05_CLYGR_Somermeyer_2022,D7PM05_CLYGR,MTALTEGAKLFEKEIPYITELEGDVEGMKFIIKGEGTGDATTGTIKAKYICTTGDLPVPWATILSSLSYGVFCFAKYPRHIADFFKSTQPDGYSQDRIISFDNDGQYDVKAKVTYENGTLYNRVTVKGTGFKSNGNILGMRVLYHSPPHAVYILPDRKNGGMKIEYNKAFDVMGGGHQMARHAQFNKPLGAWEEDYPLYHHLTVWTSFGKDPDDDETDHLTIVEVIKAVDLETYR,235,Activity,D7PM05_CLYGR,small_globular
RPC1_LAMBD_Li_2019_high-expression,RPC1_LAMBD,MSTKKKPLTQEQLEDARRLKAIYEKKKNELGLSQESVADKMGMGQSGVGALFNGINALNAYNAALLAKILKVSVEEFSPSIAREIYEMYEAVSMQPSLRSEYEYPVFSHVQAGMFSPELRTFTKGDAERWVSTTKKASDSAFWLEVEGNSMTAPTGSKPSFPDGMLILVDPEQAVEPGDFCIARLGGDEFTFKKLIRDSGQVFLQPLNPQYPMIPCNESCSVVGKVIASQWPEETFG,237,Activity,RPC1_LAMBD,small_globular
Q8WTC7_9CNID_Somermeyer_2022,Q8WTC7_9CNID,MSKGEELFTGIVPVLIELDGDVHGHKFSVRGEGEGDADYGKLEIKFICTTGKLPVPWPTLVTTLSYGILCFARYPEHMKMNDFFKSAMPEGYIQERTIFFQDDGKYKTRGEVKFEGDTLVNRIELKGMDFKEDGNILGHKLEYNFNSHNVYIMPDKANNGLKVNFKIRHNIEGGGVQLADHYQTNVPLGDGPVLIPINHYLSCQTAISKDRNETRDHMVFLEFFSACGHTHGMDELYK,238,Activity,Q8WTC7_9CNID,small_globular
OTC_HUMAN_Lo_2023,OTC_HUMAN,MLFNLRILLNNAAFRNGHNFMVRNFRCGQPLQNKVQLKGRDLLTLKNFTGEEIKYMLWLSADLKFRIKQKGEYLPLLQGKSLGMIFEKRSTRTRLSTETGFALLGGHPCFLTTQDIHLGVNESLTDTARVLSSMADAVLARVYKQSDLDTLAKEASIPIINGLSDLYHPIQILADYLTLQEHYSSLKGLTLSWIGDGNNILHSIMMSAAKFGMHLQAATPKGYEPDASVTKLAEQYAKENGTKLLLTNDPLEAAHGGNVLITDTWISMGQEEEKKKRLQAFQGYQVTMKTAKVAASDWTFLHCLPRKPEEVDDEVFYSPRSLVFPEAENRKWTIMAVMVSLLTDYSPQLQKPKF,354,Activity,OTC_HUMAN,medium_globular
HEM3_HUMAN_Loggerenberg_2023,HEM3_HUMAN,MSGNGNAAATAEENSPKMRVIRVGTRKSQLARIQTDSVVATLKASYPGLQFEIIAMSTTGDKILDTALSKIGEKSLFTKELEHALEKNEVDLVVHSLKDLPTVLPPGFTIGAICKRENPHDAVVFHPKFVGKTLETLPEKSVVGTSSLRRAAQLQRKFPHLEFRSIRGNLNTRLRKLDEQQEFSAIILATAGLQRMGWHNRVGQILHPEECMYAVGQGALGVEVRAKDQDILDLVGVLHDPETLLRCIAERAFLRHLEGGCSVPVAVHTAMKDGQLYLTGGVWSLDGSDSIQETMQATIHVPAQHEDGPEDDPQLVGITARNIPRGPQLAAQNLGISLANLLLSKGAKNILDVARQLNDAH,361,Activity,HEM3_HUMAN,medium_globular
OXDA_RHOTO_Vanella_2023_activity,OXDA_RHOTO,HSQKRVVVLGSGVIGLSSALILARKGYSVHILARDLPEDVSSQTFASPWAGANWTPFMTLTDGPRQAKWEESTFKKWVELVPTGHAMWLKGTRRFAQNEDGLLGHWYKDITPNYRPLPSSECPPGAIGVTYDTLSVHAPKYCQYLARELQKLGATFERRTVTSLEQAFDGADLVVNATGLGAKSIAGIDDQAAEPIRGQTVLVKSPCKRCTMDSSDPASPAYIIPRPGGEVICGGTYGVGDWDLSVNPETVQRILKHCLRLDPTISSDGTIEGIEVLRHNVGLRPARRGGPRVEAERIVLPLDRTKSPLSLGRGSARAAKEKEVTLVHAYGFSSAGYQQSWGAAEDVAQLVDEAFQRYHGAARE,364,Activity,OXDA_RHOTO,medium_globular
KCNJ2_MOUSE_Coyote-Maestas_2022_function,KCNJ2_MOUSE,MGSVRTNRYSIVSSEEDGMKLATMAVANGFGNGKSKVHTRQQCRSRFVKKDGHCNVQFINVGEKGQRYLADIFTTCVDIRWRWMLVIFCLAFVLSWLFFGCVFWLIALLHGDLDTSKVSKACVSEVNSFTAAFLFSIETQTTIGYGFRCVTDECPIAVFMVVFQSIVGCIIDAFIIGAVMAKMAKPKKRNETLVFSHNAVIAMRDGKLCLMWRVGNLRKSHLVEAHVRAQLLKSRITSEGEYIPLDQIDINVGFDSGIDRIFLVSPITIVHEIDEDSPLYDLSKQDIDNADFEIVVILEGMVEATAMTTQCRSSYLANEILWGHRYEPVLFEEKHYYKVDYSRFHKTYEVPNTPLCSARDLAEKKYILSNANSFCYENEVALTSKEEEEDSENGVPESTSTDSPPGIDLHNQASVPLEPRPLRRESEI,428,Activity,KCNJ2_MOUSE,large_globular
LGK_LIPST_Klesmith_2015,LGK_LIPST,MPIATSTGDNVLDFTVLGLNSGTSMDGIDCALCHFYQKTPDAPMEFELLEYGEVPLAQPIKQRVMRMILEDTTSPSELSEVNVILGEHFADAVRQFAAERNVDLSTIDAIASHGQTIWLLSMPEEGQVKSALTMAEGAIIAARTGITSITDFRISDQAAGRQGAPLIAFFDALLLHHPTKLRACQNIGGIANVCFIPPDVDGRRTDEYYDFDTGPGNVFIDAVVRHFTNGEQEYDKDGAMGKRGKVDQELVDDFLKMPYFQLDPPKTTGREVFRDTLAHDLIRRAEAKGLSPDDIVATTTRITAQAIVDHYRRYAPSQEIDEIFMCGGGAYNPNIVEFIQQSYPNTKIMMLDEAGVPAGAKEAITFAWQGMECLVGRSIPVPTRVETRQHYVLGKVSPGLNYRSVMKKGMAFGGDAQQLPWVSEMIVKKKGKVITNNWA,439,Activity,LGK_LIPST,large_globular
Q59976_STRSQ_Romero_2015,Q59976_STRSQ,MVPAAQQTAMAPDAALTFPEGFLWGSATASYQIEGAAAEDGRTPSIWDTYARTPGRVRNGDTGDVATDHYHRWREDVALMAELGLGAYRFSLAWPRIQPTGRGPALQKGLDFYRRLADELLAKGIQPVATLYHWDLPQELENAGGWPERATAERFAEYAAIAADALGDRVKTWTTLNEPWCSAFLGYGSGVHAPGRTDPVAALRAAHHLNLGHGLAVQALRDRLPADAQCSVTLNIHHVRPLTDSDADADAVRRIDALANRVFTGPMLQGAYPEDLVKDTAGLTDWSFVRDGDLRLAHQKLDFLGVNYYSPTLVSEADGSGTHNSDGHGRSAHSPWPGADRVAFHQPPGETTAMGWAVDPSGLYELLRRLSSDFPALPLVITENGAAFHDYADPEGNVNDPERIAYVRDHLAAVHRAIKDGSDVRGYFLWSLLDNFEWAHGYSKRFGAVYVDYPTGTRIPKASARWYAEVARTGVLPTAGDPNSSSVDKLAAALEHHHHHH,501,Activity,Q59976_STRSQ,large_globular
PPARG_HUMAN_Majithia_2016,PPARG_HUMAN,MGETLGDSPIDPESDSFTDTLSANISQEMTMVDTEMPFWPTNFGISSVDLSVMEDHSHSFDIKPFTTVDFSSISTPHYEDIPFTRTDPVVADYKYDLKLQEYQSAIKVEPASPPYYSEKTQLYNKPHEEPSNSLMAIECRVCGDKASGFHYGVHACEGCKGFFRRTIRLKLIYDRCDLNCRIHKKSRNKCQYCRFQKCLAVGMSHNAIRFGRMPQAEKEKLLAEISSDIDQLNPESADLRALAKHLYDSYIKSFPLTKAKARAILTGKTTDKSPFVIYDMNSLMMGEDKIKFKHITPLQEQSKEVAIRIFQGCQFRSVEAVQEITEYAKSIPGFVNLDLNDQVTLLKYGVHEIIYTMLASLMNKDGVLISEGQGFMTREFLKSLRKPFGDFMEPKFEFAVKFNALELDDSDLAIFIAVIILSGDRPGLLNVKPIEDIQDNLLQALELQLKLNHPESSQLFAKLLQKMTDLRQIVTEHVQLLQVIKKTETDMSLHPLLQEIYKDLY,505,Activity,PPARG_HUMAN,large_globular
SRC_HUMAN_Ahler_2019,SRC_HUMAN,MGSNKSKPKDASQRRRSLEPAENVHGAGGGAFPASQTPSKPASADGHRGPSAAFAPAAAEPKLFGGFNSSDTVTSPQRAGPLAGGVTTFVALYDYESRTETDLSFKKGERLQIVNNTEGDWWLAHSLSTGQTGYIPSNYVAPSDSIQAEEWYFGKITRRESERLLLNAENPRGTFLVRESETTKGAYCLSVSDFDNAKGLNVKHYKIRKLDSGGFYITSRTQFNSLQQLVAYYSKHADGLCHRLTTVCPTSKPQTQGLAKDAWEIPRESLRLEVKLGQGCFGEVWMGTWNGTTRVAIKTLKPGTMSPEAFLQEAQVMKKLRHEKLVQLYAVVSEEPIYIVTEYMSKGSLLDFLKGETGKYLRLPQLVDMAAQIASGMAYVERMNYVHRDLRAANILVGENLVCKVADFGLARLIEDNEYTARQGAKFPIKWTAPEAALYGRFTIKSDVWSFGILLTELTTKGRVPYPGMVNREVLDQVERGYRMPCPPECPESLHDLMCQCWRKEPEERPTFEYLQAFLEDYFTSTEPQYQPGENL,536,Activity,SRC_HUMAN,large_globular
S22A1_HUMAN_Yee_2023_activity,S22A1_HUMAN,PTVDDILEQVGESGWFQKQAFLILCLLSAAFAPICVGIVFLGFTPDHHCQSPGVAELSQRCGWSPAEELNYTVPGLGPAGEAFLGQCRRYEVDWNQSALSCVDPLASLATNRSHLPLGPCQDGWVYDTPGSSIVTEFNLVCADSWKLDLFQSCLNAGFLFGSLGVGYFADRFGRKLCLLGTVLVNAVSGVLMAFSPNYMSMLLFRLLQGLVSKGNWMAGYTLITEFVGSGSRRTVAIMYQMAFTVGLVALTGLAYALPHWRWLQLAVSLPTFLFLLYYWCVPESPRWLLSQKRNTEAIKIMDHIAQKNGKLPPADLKMLSLEEDVTEKLSPSFADLFRTPRLRKRTFILMYLWFTDSVLYQGLILHMGATSGNLYLDFLYSALVEIPGAFIALITIDRVGRIYPMAMSNLLAGAACLVMIFISPDLHWLNIIIMCVGRMGITIAIQMICLVNAELYPTFVRNLGVMVCSSLCDIGGIITPFIVFRLREVWQALPLILFAVLGLLAAGVTLLLPETKGVALPETMKDAENLGRKAKPKENTIYLKVQTSEPSGT,553,Activity,S22A1_HUMAN,large_globular
Q837P5_ENTFA_Meier_2023,Q837P5_ENTFA,MDLIIQHAKKYKGSVVIALLAVIVMVVSALWQPKLLQQVLEAIMNDDSDKMKNLGIQLIAIAGLGLVAGVINTIFSAKVAQGVSADIREATFRKIQTFSFGNIEKFSAGNLVVRLTNDVTQIQNVIMIALQTLFRIPFLFIGSFILAMLTLPQLWWVIVALVIAVILISMLSFSQMGKHFMIIQNLIDKINGIAKENLLGIRVVKSFVQEKNQLSRFTKVSEELTTHNLIVGSLFAVMIPAFMLVANLAVVGSIFFVSNLVKDDPTLIGGVASFMNYLMQIMMAIIIGGMMMMMTSRAAVSIKRIKEVMETEPDVTYKKVPEQELIGSVEFDHVSFRYPGDEEDTLKDISFSIQPGEMIGIVGATGAGKSTLAQLIPRLFDPTEGKIEVGGVDLREVNEHSLRKTVSFVLQKAILFSGTIAQNLRHGKRDASEADMERASGIAQAKEFIEKLAEGYDAPVEERSNNFSGGQKQRLSITRGVIGEPKILILDDSTSALDARSERLVREALDKELKETTTIVIAQKISSVVHADRILVLDNGRLVGEGTHEELAATNPVYQEIYETQKGKEEA,571,Activity,Q837P5_ENTFA,large_globular
Q837P4_ENTFA_Meier_2023,Q837P4_ENTFA,MTDLIKASKFFYHYLKRYKVSFLFIFLAIFAATYLQVKAPQFVGEAIQELAKYAVNVMQGKDDKSAFVSVIWKLLIFYVLTSAASFIYSILFTQVVGKSTNRMRIGLFNKLEKLTIRFFDSHQDGEILSRFTSDLDNIQNSLNQALLQVLTNIALLVGVLIMMFRQNVELAWATIASTPIAILIAVFVISKARKYVDLQQDEVGKLNGYMDEKISGQRVIITNGLQEETIDGFLEQNEKVRAATYKGQVYSGLLFPMMQGMSLVNTAIVIFFGGWLAINGSVDRAAALGLVVMFVQYSQQYYQPLMQISSGYSMIQLAVTGARRLNEMFDEPDEIRPENGEKLEEINKAVALNHVVFGYNPETPVLKDVSIHVDKGEMVALVGPTGSGKTTIMNLMNRFYDVNEGAVTFDGVDIREMDLDSLRSHVGIVLQESVLFSGTIRENIAFGKPEATDEEIVQAAKQANIHEFIVNLEQGYDTEITEENNLFSTGQKQLVSIARTIITNPELLILDEATSNVDTVTEAKIQKAMDEAIKGRTSFVIAHRLKTILNADRIIVLRDGEVIEEGNHHELVEQDGFYAELYKNQFVFE,589,Activity,Q837P4_ENTFA,large_globular
LYAM1_HUMAN_Elazar_2016,LYAM1_HUMAN,MIFPWKCQSTQRDLWNIFKLWGWTMLCCDFLAHHGTDCWTYHYSEKPMNWQRARRFCRDNYTDLVAIQNKAEIEYLEKTLPFSRSYYWIGIRKIGGIWTWVGTNKSLTEEAENWGDGEPNNKKNKEDCVEIYIKRNKDAGKWNDDACHKLKAALCYTASCQPWSCSGHGECVEIINNYTCNCDVGYYGPQCQFVIQCEPLEAPELGTMDCTHPLGNFSFSSQCAFSCSEGTNLTGIEETTCGPFGNWSSPEPTCQVIQCEPLSAPDLGIMNCSHPLASFSFTSACTFICSEGTELIGKKKTICESSGIWSNPSPICQKLDKSFSMIKEGDYNPLFIPVAVMVTAFSGLAFIIWLARRLKKGKKSKRSMNDPY,372,Expression,LYAM1_HUMAN,medium_globular
PRKN_HUMAN_Clausen_2023,PRKN_HUMAN,MIVFVRFNSSHGFPVEVDSDTSIFQLKEVVAKRQGVPADQLRVIFAGKELRNDWTVQNCDLDQQSIVHIVQRPWRKGQEMNATGGDDPRNAAGGCEREPQSLTRVDLSSSVLPGDSVGLAVILHTDSRKDSPPAGSPAGRSIYNSFYVYCKGPCQRVQPGKLRVQCSTCRQATLTLTQGPSCWDDVLIPNRMSGECQSPHCPGTSAEFFFKCGAHPTSDKETSVALHLIATNSRNITCITCTDVRSPVLVFQCNSRHVICLDCFHLYCVTRLNDRQFVHDPQLGYSLPCVAGCPNSLIKELHHFRILGEEQYNRYQQYGAEECVLQMGGVLCPRPGCGAGLLPEPDQRKVTCEGGNGLGCGFAFCRECKEAYHEGECSAVFEASGTTTQAYRVDERAAEQARWEAASKETIKKTTKPCPRCHVPVEKNGGCMHMKCPQPQCRLEWCWNCGCEWNRVCMGDHWFDV,465,Expression,PRKN_HUMAN,large_globular
IF1_ECOLI_Kelsic_2016,IF1_ECOLI,MAKEDNIEMQGTVLETLPNTMFRVELENGHVVTAHISGKMRKNYIRILTGDKVTVELTPYDLSKGRIVFRSR,72,OrganismalFitness,IF1_ECOLI,small_globular
TAT_HV1BR_Fernandes_2016,TAT_HV1BR,MEPVDPRLEPWKHPGSQPKTACTNCYCKKCCFHCQVCFMTKALGISYGRKKRRQRRRAHQNSQTHQASLSKQPTSQSRGDPTGPKE,86,OrganismalFitness,TAT_HV1BR,small_globular
F7YBW8_MESOW_Ding_2023,F7YBW8_MESOW,MANVEKMSVAVTPQQAAVMREAVEAGEYATASEIVREAVRDWLAKRELRHDDIRRLRQLWDEGKASGRPEPVDFDALRKEARQKLTEVPPNGR,93,OrganismalFitness,F7YBW8_MESOW,small_globular
REV_HV1H2_Fernandes_2016,REV_HV1H2,MAGRSGDSDEELIRTVRLIKLLYQSNPPPNPEGTRQARRNRRRRWRERQRQIHSISERILSTYLGRSAEPVPLQLPPLERLTLDCNEDCGTSGTQGVGSPQILVESPTVLESGTKE,116,OrganismalFitness,REV_HV1H2,idp_like
AACC1_PSEAI_Dandage_2018,AACC1_PSEAI,MLRSSNDVTQQGSRPKTKLGGSSMGIIRTCRLGPDQVKSMRAALDLFGREFGDVATYSQHQPDSDYLGNLLRSKTFIALAAFDQEAVVGALAAYVLPKFEQPRSEIYIYDLAVSGEHRRQGIATALINLLKHEANALGAYVIYVQADYGDDPAVALYTKLGIREEVMHFDIDPSTAT,177,OrganismalFitness,AACC1_PSEAI,small_globular
HIS7_YEAST_Pokusaeva_2019,HIS7_YEAST,MTEQKALVKRITNETKIQIAISLKGGPLAIEHSIFPEKEAEAVAEQATQSQVINVHTGIGFLDHMIHALAKHSGWSLIVECIGDLHIDDHHTTEDCGIALGQAFKEALGAVRGVKRFGSGFAPLDEALSRAVVDLSNRPYAVVELGLQREKVGDLSCEMIPHFLESFAEASRITLHVDCLRGKNDHHRSESAFKALAVAIREATSPNGTNDVPSTKGVLM,220,OrganismalFitness,HIS7_YEAST,small_globular
TPK1_HUMAN_Weile_2017,TPK1_HUMAN,MEHAFTPLEPLLSTGNLKYCLVILNQPLDNYFRHLWNKALLRACADGGANRLYDITEGERESFLPEFINGDFDSIRPEVREYYATKGCELISTPDQDHTDFTKCLKMLQKKIEEKDLKVDVIVTLGGLAGRFDQIMASVNTLFQATHITPFPIIIIQEESLIYLLQPGKHRLHVDTGMEGDWCGLIPVGQPCMQVTTTGLKWNLTNDVLAFGTLVSTSNTYDGSGVVTVETDHPLLWTMAIKS,243,OrganismalFitness,TPK1_HUMAN,small_globular
TRPC_SACS2_Chan_2017,TRPC_SACS2,MPRYLKGWLKDVVQLSLRRPSFRASRQRPIISLNERILEFNKRNITAIIAEYKRKSPSGLDVERDPIEYSKFMERYAVGLSILTEEKYFNGSYETLRKIASSVSIPILMKDFIVKESQIDDAYNLGADTVLLIVKILTERELESLLEYARSYGMEPLIEINDENDLDIALRIGARFIGINSRDLETLEINKENQRKLISMIPSNVVKVAESGISERNEIEELRKLGVNAFLIGSSLMRNPEKIKEFIL,248,OrganismalFitness,TRPC_SACS2,small_globular
TRPC_THEMA_Chan_2017,TRPC_THEMA,MRRLWEIVEAKKKDILEIDGENLIVQRRNHRFLEVLSGKERVKIIAEFKKASPSAGDINADASLEDFIRMYDELADAISILTEKHYFKGDPAFVRAARNLTSRPILAKDFYIDTVQVKLASSVGADAILIIARILTAEQIKEIYEAAEELGMDSLVEVHSREDLEKVFSVIRPKIIGINTRDLDTFEIKKNVLWELLPLVPDDTVVVAESGIKDPRELKDLRGKVNAVLVGTSIMKAENPRRFLEEMRAWSE,252,OrganismalFitness,TRPC_THEMA,medium_globular
P84126_THETH_Chan_2017,P84126_THETH,MRPDLSRVPGVLGEIARKRASEVAPYPLPEPPSVPSFKEALLRPGLSVIAEVKRQSPSEGLIREVDPVEAALAYARGGARAVSVLTEPHRFGGSLLDLKRVREAVDLPLLRKDFVVDPFMLEEARAFGASAALLIVALLGELTGAYLEEARRLGLEALVEVHTERELEIALEAGAEVLGINNRDLATLHINLETAPRLGRLARKRGFGGVLVAESGYSRKEELKALEGLFDAVLIGTSLMRAPDLEAALRELVG,254,OrganismalFitness,P84126_THETH,medium_globular
R1AB_SARS2_Flynn_2022,R1AB_SARS2,SGFRKMAFPSGKVEGCMVQVTCGTTTLNGLWLDDVVYCPRHVICTSEDMLNPNYEDLLIRKSNHNFLVQAGNVQLRVIGHSMQNCVLKLKVDTANPKTPKYKFVRIQPGQTFSVLACYNGSPSGVYQCAMRPNFTIKGSFLNGSCGSVGFNIDYDCVSFCYMHHMELPTGVHAGTDLEGNFYGPFVDRQTAQAAGTDTTITVNVLAWLYAAVINGDRWFLNRFTTTLNDFNLVAMKYNYEPLTQDHVDILGPLSAQTGIAVLDMCASLKELLQNGMNGRTILGSALLEDEFTPFDVVRQCSGVTFQ,306,OrganismalFitness,R1AB_SARS2,medium_globular
MTH3_HAEAE_RockahShmuel_2015,MTH3_HAEAE,MNLISLFSGAGGLDLGFQKAGFRIIAANEYDKSIWKTYESNHSAKLIKGDISKISSDEFPKCDGIIGGPPCQSWSEGGSLRGIDDPRGKLFYEYIRILKQKKPKFFLAENVKGMLAQRHNKAVQEFIQEFDNAGYDVHIILLNANDYGVAQDRKRVFYIGFRKELNINYLPPIPHLIKPTLKDVIWDLKDNPIPALDKNKTNGNKCIYPNHEYFIGSYSTIFMSRNRVRQWNEPAFTVQASGRQCQLHPQAPVMLKVSKNLNKFVEGKEHLYRRLTVRECARVQGFPDDFIFHYESLNDGYKMIGNAVPVNLAYEIAKTIKSALEIRKGN,330,OrganismalFitness,MTH3_HAEAE,medium_globular
MK01_HUMAN_Brenan_2016,MK01_HUMAN,MAAAAAAGAGPEMVRGQVFDVGPRYTNLSYIGEGAYGMVCSAYDNVNKVRVAIKKISPFEHQTYCQRTLREIKILLRFRHENIIGINDIIRAPTIEQMKDVYIVQDLMETDLYKLLKTQHLSNDHICYFLYQILRGLKYIHSANVLHRDLKPSNLLLNTTCDLKICDFGLARVADPDHDHTGFLTEYVATRWYRAPEIMLNSKGYTKSIDIWSVGCILAEMLSNRPIFPGKHYLDQLNHILGILGSPSQEDLNCIINLKARNYLLSLPHKNKVPWNRLFPNADSKALDLLDKMLTFNPHKRIEVEQALAHPYLEQYYDPSDEPIAEAPFKFDMELDDLPKEKLKELIFEETARFQPGYRS,360,OrganismalFitness,MK01_HUMAN,medium_globular
SERC_HUMAN_Xie_2023,SERC_HUMAN,MDAPRQVVNFGPGPAKLPHSVLLEIQKELLDYKGVGISVLEMSHRSSDFAKIINNTENLVRELLAVPDNYKVIFLQGGGCGQFSAVPLNLIGLKAGRCADYVVTGAWSAKAAEEAKKFGTINIVHPKLGSYTKIPDPSTWNLNPDASYVYYCANETVHGVEFDFIPDVKGAVLVCDMSSNFLSKPVDVSKFGVIFAGAQKNVGSAGVTVVIVRDDLLGFALRECPSVLEYKVQAGNSSLYNTPPCFSIYVMGLVLEWIKNNGGAAAMEKLSSIKSQTIYEIIDNSQGFYVCPVEPQNRSKMNIPFRIGNAKGDDALEKRFLDKALELNMLSLKGHRSVGGIRASLYNAVTIEDVQKLAAFMKKFLEMHQL,370,OrganismalFitness,SERC_HUMAN,medium_globular
P53_HUMAN_Giacomelli_2018_Null_Etoposide,P53_HUMAN,MEEPQSDPSVEPPLSQETFSDLWKLLPENNVLSPLPSQAMDDLMLSPDDIEQWFTEDPGPDEAPRMPEAAPRVAPAPAAPTPAAPAPAPSWPLSSSVPSQKTYQGSYGFRLGFLHSGTAKSVTCTYSPALNKMFCQLAKTCPVQLWVDSTPPPGTRVRAMAIYKQSQHMTEVVRRCPHHERCSDSDGLAPPQHLIRVEGNLRVEYLDDRNTFRHSVVVPYEPPEVGSDCTTIHYNYMCNSSCMGGMNRRPILTIITLEDSSGNLLGRNSFEVRVCACPGRDRRTEEENLRKKGEPHHELPPGSTKRALPNNTSSSPQPKKKPLDGEYFTLQIRGRERFEMFRELNEALELKDAQAGKEPGGSRAHSSHLKSKKGQSTSRHKKLMFKTEGPDSD,393,OrganismalFitness,P53_HUMAN,idp_like
TADBP_HUMAN_Bolognesi_2019,TADBP_HUMAN,MSEYIRVTEDENDEPIEIPSEDDGTVLLSTVTAQFPGACGLRYRNPVSQCMRGVRLVEGILHAPDAGWGNLVYVVNYPKDNKRKMDETDASSAVKVKRAVQKTSDLIVLGLPWKTTEQDLKEYFSTFGEVLMVQVKKDLKTGHSKGFGFVRFTEYETQVKVMSQRHMIDGRWCDCKLPNSKQSQDEPLRSRKVFVGRCTEDMTEDELREFFSQYGDVMDVFIPKPFRAFAFVTFADDQIAQSLCGEDLIIKGISVHISNAEPKHNSNRQLERSGRFGGNPGGFGNQGGFGNSRGGGAGLGNNQGSNMGGGMNFGAFSINPAMMAAAQAALQSSWGMMGMLASQQNQSGPSGNNQNQGNMQREPNQAFGSGNNSYSGSNSGAAIGWGSASNAGSGSGFNGGFGSSMDSKSSGWGM,414,OrganismalFitness,TADBP_HUMAN,idp_like
GDIA_HUMAN_Silverstein_2021,GDIA_HUMAN,MDEEYDVIVLGTGLTECILSGIMSVNGKKVLHMDRNPYYGGESSSITPLEELYKRFQLLEGPPESMGRGRDWNVDLIPKFLMANGQLVKMLLYTEVTRYLDFKVVEGSFVYKGGKIYKVPSTETEALASNLMGMFEKRRFRKFLVFVANFDENDPKTFEGVDPQTTSMRDVYRKFDLGQDVIDFTGHALALYRTDDYLDQPCLETVNRIKLYSESLARYGKSPYLYPLYGLGELPQGFARLSAIYGGTYMLNKPVDDIIMENGKVVGVKSEGEVARCKQLICDPSYIPDRVRKAGQVIRIICILSHPIKNTNDANSCQIIIPQNQVNRKSDIYVCMISYAHNVAAQGKYIAIASTTVETTDPEKEVEPALELLEPIDQKFVAISDLYEPIDDGCESQVFCSCSYDATTHFETTCNDIKDIYKRMAGTAFDFENMKRKQNDVFGEAEQ,447,OrganismalFitness,GDIA_HUMAN,large_globular
NRAM_I33A0_Jiang_2016,NRAM_I33A0,MNPNQKIITIGSICMVVGIISLILQIGNIISIWISHSIQTGNQNHTGICNQGIITYNVVAGQDSTSVILTGNSSLCPIRGWAIHSKDNGIRIGSKGDVFVIREPFISCSHLECRTFFLTQGALLNDKHSNGTVKDRSPYRALMSCPVGEAPSPYNSRFESVAWSASACHDGMGWLTIGISGPDNGAVAVLKYNGIITETIKSWRKKILRTQESECTCVNGSCFTIMTDGPSNGLASYKIFKIEKGKVTKSIELNAPNSHYEECSCYPDTGKVMCVCRDNWHGSNRPWVSFDQNLDYQIGYICSGVFGDNPRPKDGPGSCGPVSADGANGVKGFSYRYGNGVWIGRTKSDSSRHGFEMIWDPNGWTETDSRFSVRQDVVAMTDRSGYSGSFVQHPELTGLDCMRPCFWVELIRGRPEEETIWTSGSIISFCGVNSDTVDWSWPDGAELPFTIDK,453,OrganismalFitness,NRAM_I33A0,large_globular
I6TAH8_I68A0_Doud_2015,I6TAH8_I68A0,MASQGTKRSYEQMETDGERQNATEIRASVGKMIDGIGRFYIQMCTELKLSDYEGRLIQNSLTIERMVLSAFDERRNKYLEEHPSAGKDPKKTGGPIYKRVDRKWMRELVLYDKEEIRRIWRQANNGDDATAGLTHMMIWHSNLNDTTYQRTRALVRTGMDPRMCSLMQGSTLPRRSGAAGAAVKGVGTMVMELIRMIKRGINDRNFWRGENGRKTRSAYERMCNILKGKFQTAAQRAMMDQVRESRNPGNAEIEDLIFLARSALILRGSVAHKSCLPACVYGPAVASGYDFEKEGYSLVGIDPFKLLQNSQVYSLIRPNENPAHKSQLVWMACNSAAFEDLRVLSFIRGTKVSPRGKLSTRGVQIASNENMDAMESSTLELRSRYWAIRTRSGGNTNQQRASAGQISVQPAFSVQRNLPFDKPTIMAAFTGNTEGRTSDMRAEIIRMMEGAKPEEMSFQGRGVFELSDERAANPIVPSFDMSNEGSYFFGDNAEEYDN,498,OrganismalFitness,I6TAH8_I68A0,idp_like
NCAP_I34A1_Doud_2015,NCAP_I34A1,MASQGTKRSYEQMETDGERQNATEIRASVGKMIGGIGRFYIQMCTELKLSDYEGRLIQNSLTIERMVLSAFDERRNKYLEEHPSAGKDPKKTGGPIYRRVNGKWMRELILYDKEEIRRIWRQANNGDDATAGLTHMMIWHSNLNDATYQRTRALVRTGMDPRMCSLMQGSTLPRRSGAAGAAVKGVGTMVMELVRMIKRGINDRNFWRGENGRKTRIAYERMCNILKGKFQTAAQKAMMDQVRESRNPGNAEFEDLTFLARSALILRGSVAHKSCLPACVYGPAVASGYDFEREGYSLVGIDPFRLLQNSQVYSLIRPNENPAHKSQLVWMACHSAAFEDLRVLSFIKGTKVLPRGKLSTRGVQIASNENMETMESSTLELRSRYWAIRTRSGGNTNQQRASAGQISIQPTFSVQRNLPFDRTTIMAAFNGNTEGRTSDMRTEIIRMMESARPEDVSFQGRGVFELSDEKAASPIVPSFDMSNEGSYFFGDNAEEYDN,498,OrganismalFitness,NCAP_I34A1,large_globular
CBS_HUMAN_Sun_2020,CBS_HUMAN,MPSETPQAEVGPTGCPHRSGPHSAKGSLEKGSPEDKEAKEPLWIRPDAPSRCTWQLGRPASESPHHHTAPAKSPKILPDILKKIGDTPMVRINKIGKKFGLKCELLAKCEFFNAGGSVKDRISLRMIEDAERDGTLKPGDTIIEPTSGNTGIGLALAAAVRGYRCIIVMPEKMSSEKVDVLRALGAEIVRTPTNARFDSPESHVGVAWRLKNEIPNSHILDQYRNASNPLAHYDTTADEILQQCDGKLDMLVASVGTGGTITGIARKLKEKCPGCRIIGVDPEGSILAEPEELNQTEQTTYEVEGIGYDFIPTVLDRTVVDKWFKSNDEEAFTFARMLIAQEGLLCGGSAGSTVAVAVKAAQELQEGQRCVVILPDSVRNYMTKFLSDRWMLQKGFLKEEDLTEKKPWWWHLRVQELGLSAPLTVLPTITCGHTIEILREKGFDQAPVVDEAGVILGMVTLGNMLSSLLAGKVQPSDQVGKVIYKQFKQIRLTDTLGRLSHILEMDHFALVVHEQIQYHSTGKSSQRQMVFGVVTAIDLLNFVAAQERDQK,551,OrganismalFitness,CBS_HUMAN,large_globular
A0A2Z5U3Z0_9INFA_Doud_2016,A0A2Z5U3Z0_9INFA,MKAKLLVLLYAFVATDADTICIGYHANNSTDTVDTILEKNVAVTHSVNLLEDSHNGKLCKLKGIAPLQLGKCNITGWLLGNPECDSLLPARSWSYIVETPNSENGACYPGDLIDYEELREQLSSVSSLERFEIFPKESSWPNHTFNGVTVSCSHRGKSSFYRNLLWLTKKGDSYPKLTNSYVNNKGKEVLVLWGVHHPSSSDEQQSLYSNGNAYVSVASSNYNRRFTPEIAARPKVRDQHGRMNYYWTLLEPGDTIIFEATGNLIAPWYAFALSRGFESGIITSNASMHECNTKCQTPQGAINSNLPFQNIHPVTIGECPKYVRSTKLRMVTGLRNIPSIQYRGLFGAIAGFIEGGWTGMIDGWYGYHHQNEQGSGYAADQKSTQNAINGITNKVNSVIEKMNTQFTAVGKEFNNLEKRMENLNKKVDDGFLDIWTYNAELLVLLENERTLDFHDLNVKNLYEKVKSQLKNNAKEIGNGCFEFYHKCDNECMESVRNGTYDYPKYSEESKLNREKIDGVKLESMGVYQILAIYSTVASSLVLLVSLGAISFWMCSNGSLQCRICI,565,OrganismalFitness,A0A2Z5U3Z0_9INFA,large_globular
C6KNH7_9INFA_Lee_2018,C6KNH7_9INFA,MKTIIALSYILCLVFAQKLPGNDNSTATLCLGHHAVPNGTIVKTITNDQIEVTNATELVQSSSTGEICDSPHQILDGKNCTLIDALLGDPQCDDFQNKKWDLFVERSKAYSNCYPYDVPDYASLRSLVASSGTLEFNNESFNWTGVTQNGTSSACIRRSKNSFFSRLNWLTHLNFKYPALNVTMPNNEQFDKLYIWGVLHPGTDKDQIFLYAQASGRITVSTKRSQQIVSPNIGSRPRVRNIPSRISIYWTIVKPGDILLINSTGNLIAPRGYFKIRSGKSSIMRSDAPIGKCNSECITPNGSIPNDKPFQNVNRITYGACPRYVKQNTLKLATGMRNVPEKQTRGIFGAIAGFIENGWEGMVDGWYGFRHQNSEGRGQAADLKSTQAAIDQINGKLNRLIGKTNEKFHQIEKEFSEVEGRIQDLEKYVEDTKIDLWSYNAELLVALENQHTIDLTDSEMNKLFEKTKKQLRENAEDMGNGCFKIYHKCDNACIGSIRNGTYDHDVYRDEALNNRFQIKGVELKSGYKDWILWISFAISCFLLCVALLGFIMWACQKGNIRCNICI,566,OrganismalFitness,C6KNH7_9INFA,large_globular
PABP_YEAST_Melamed_2013,PABP_YEAST,MADITDKTAEQLENLNIQDDQKQAATGSESQSVENSSASLYVGDLEPSVSEAHLYDIFSPIGSVSSIRVCRDAITKTSLGYAYVNFNDHEAGRKAIEQLNYTPIKGRLCRIMWSQRDPSLRKKGSGNIFIKNLHPDIDNKALYDTFSVFGDILSSKIATDENGKSKGFGFVHFEEEGAAKEAIDALNGMLLNGQEIYVAPHLSRKERDSQLEETKAHYTNLYVKNINSETTDEQFQELFAKFGPIVSASLEKDADGKLKGFGFVNYEKHEDAVKAVEALNDSELNGEKLYVGRAQKKNERMHVLKKQYEAYRLEKMAKYQGVNLFVKNLDDSVDDEKLEEEFAPYGTITSAKVMRTENGKSKGFGFVCFSTPEEATKAITEKNQQIVAGKPLYVAIAQRKDVRRSQLAQQIQARNQMRYQQATAAAAAAAAGMPGQFMPPMFYGVMPPRGVPFNGPNPQQMNPMGGMPKNGMPPQFRNGPVYGVPPQGGFPRNANDNNQFYQQKQRQALGEQLYKKVSAKTSNEEAAGKITGMILDLPPQEVFPLLESDELFEQHYKEASAAYESFKKEQEQQTEQA,577,OrganismalFitness,PABP_YEAST,idp_like
SHOC2_HUMAN_Kwon_2022,SHOC2_HUMAN,MSSSLGKEKDSKEKDPKVPSAKEREKEAKASGGFGKESKEKEPKTKGKDAKDGKKDSSAAQPGVAFSVDNTIKRPNPAPGTRKKSSNAEVIKELNKCREENSMRLDLSKRSIHILPSSIKELTQLTELYLYSNKLQSLPAEVGCLVNLMTLALSENSLTSLPDSLDNLKKLRMLDLRHNKLREIPSVVYRLDSLTTLYLRFNRITTVEKDIKNLSKLSMLSIRENKIKQLPAEIGELCNLITLDVAHNQLEHLPKEIGNCTQITNLDLQHNELLDLPDTIGNLSSLSRLGLRYNRLSAIPRSLAKCSALEELNLENNNISTLPESLLSSLVKLNSLTLARNCFQLYPVGGPSQFSTIYSLNMEHNRINKIPFGIFSRAKVLSKLNMKDNQLTSLPLDFGTWTSMVELNLATNQLTKIPEDVSGLVSLEVLILSNNLLKKLPHGLGNLRKLRELDLEENKLESLPNEIAYLKDLQKLVLTNNQLTTLPRGIGHLTNLTHLGLGENLLTHLPEEIGTLENLEELYLNDNPNLHSLPFELALCSKLSIMSIENCPLSHLPPQIVAGGPSFIIQFLKMQGPYRAMV,582,OrganismalFitness,SHOC2_HUMAN,large_globular
TCRG1_MOUSE_Tsuboyama_2023_1E0L,TCRG1_MOUSE,GATAVSEWTEYKTADGKTYYYNNRTLESTWEKPQELK,37,Stability,TCRG1_MOUSE,small_globular
PIN1_HUMAN_Tsuboyama_2023_1I6C,PIN1_HUMAN,KLPPGWEKRMSRSSGRVYYFNHITNASQWERPSGNSSSG,39,Stability,PIN1_HUMAN,small_globular
YNZC_BACSU_Tsuboyama_2023_2JVD,YNZC_BACSU,MISNAKIARINELAAKAKAGVITEEEKAEQQKLRQEYLK,39,Stability,YNZC_BACSU,small_globular
SQSTM_MOUSE_Tsuboyama_2023_2RRU,SQSTM_MOUSE,RLIESLSQMLSMGFSDEGGWLTRLLQTKNYDIGAALDTIQ,40,Stability,SQSTM_MOUSE,small_globular
VG08_BPP22_Tsuboyama_2023_2GP8,VG08_BPP22,ITGDVSAANKDAIRKQMDAAASKGDVETYRKLKAKLKGIR,40,Stability,VG08_BPP22,small_globular
MAFG_MOUSE_Tsuboyama_2023_1K1V,MAFG_MOUSE,LTDEELVTMSVRELNQHLRGLSKEEIIQLKQRRRTLKNRGY,41,Stability,MAFG_MOUSE,small_globular
THO1_YEAST_Tsuboyama_2023_2WQG,THO1_YEAST,SADYSSLTVVQLKDLLTKRNLSVGGLKNEWVQRLIKDDEES,41,Stability,THO1_YEAST,small_globular
OTU7A_HUMAN_Tsuboyama_2023_2L2D,OTU7A_HUMAN,TLDMDAVLSDFVRSTGAEPGLARDLLEGKNWDLTAALSDYEQ,42,Stability,OTU7A_HUMAN,small_globular
SAV1_MOUSE_Tsuboyama_2023_2YSB,SAV1_MOUSE,GEDLPLPPGWSVDWTMRGRKYYIDHNTNTTHWSHPLESGPSSG,43,Stability,SAV1_MOUSE,small_globular
ODP2_GEOSE_Tsuboyama_2023_1W4G,ODP2_GEOSE,NRRVIAMPSVRKWAREKGVDIRLVQGTGKNGRVLKEDIDAFLAG,44,Stability,ODP2_GEOSE,small_globular
RD23A_HUMAN_Tsuboyama_2023_1IFY,RD23A_HUMAN,SEYETMLTEIMSMGYERERVVAALRASYNNPHRAVEYLLTGIPG,44,Stability,RD23A_HUMAN,small_globular
SDA_BACSU_Tsuboyama_2023_1PV0,SDA_BACSU,MRKLSDELLIESYFKATEMNLNRDFIELIENEIKRRSLGHIISV,44,Stability,SDA_BACSU,small_globular
AMFR_HUMAN_Tsuboyama_2023_4G3O,AMFR_HUMAN,YFQGQLNAMAHQIQEMFPQVPYHLVLQDLQLTRSVEITTDNILEGRI,47,Stability,AMFR_HUMAN,small_globular
SR43C_ARATH_Tsuboyama_2023_2N88,SR43C_ARATH,AVAESVIGKRVGDDGKTIEYLVKWTDMSDATWEPQDNVDSTLVLLYQQ,48,Stability,SR43C_ARATH,small_globular
CBX4_HUMAN_Tsuboyama_2023_2K28,CBX4_HUMAN,AVESIEKKRIRKGRVEYLVKWRGWSPKYNTWEPEENILDPRLLIAFQNRE,50,Stability,CBX4_HUMAN,small_globular
BCHB_CHLTE_Tsuboyama_2023_2KRU,BCHB_CHLTE,ELSWTAEAEKMLGKVPFFVRKKVRKNTDNYAREIGEPVVTADVFRKAKEHLG,52,Stability,BCHB_CHLTE,small_globular
CUE1_YEAST_Tsuboyama_2023_2MYX,CUE1_YEAST,GGHPVTTQMVETVQNLAPNLHPEQIRYSLENTGSVEETVERYLRGDEFSFPP,52,Stability,CUE1_YEAST,small_globular
PITX2_HUMAN_Tsuboyama_2023_2L7M,PITX2_HUMAN,THFTSQQLQELEATFQRNHYPDMSTREEIAVWTNLTEARVRVWFKNRRAKWR,52,Stability,PITX2_HUMAN,small_globular
RBP1_HUMAN_Tsuboyama_2023_2KWH,RBP1_HUMAN,ETQAGIKEEIRRQEFLLNSLHRDLQGGIKDLSKEERLWEVQRILTALKRKLR,52,Stability,RBP1_HUMAN,small_globular
YAIA_ECOLI_Tsuboyama_2023_2KVT,YAIA_ECOLI,PREAYIVTIEKGKPGQTVTWYQLRADHPKPDSLISEHPTAQEAMDAKKRYED,52,Stability,YAIA_ECOLI,small_globular
POLG_PESV_Tsuboyama_2023_2MXD,POLG_PESV,ALRDDEYDEWQDIIRDWRKEMTVQQFLDLKERALSGASDPDSQRYNAWLELRA,53,Stability,POLG_PESV,small_globular
RAD_ANTMA_Tsuboyama_2023_2CJJ,RAD_ANTMA,PWSAKENKAFERALAVYDKDTPDRWANVARAVEGRTPEEVKKHYEILVEDIKYI,54,Stability,RAD_ANTMA,small_globular
DN7A_SACS2_Tsuboyama_2023_1JIC,DN7A_SACS2,TVKFKYKGEEKQVDISKIKKVWRVGKMISFTYDEGGGKTGRGAVSEKDAPKELLQ,55,Stability,DN7A_SACS2,small_globular
HCP_LAMBD_Tsuboyama_2023_2L6Q,HCP_LAMBD,VRQEELAAARAALHDLMTGKRVATVQKDGRRVEFTATSVSDLKKYIAELEVQTGM,55,Stability,HCP_LAMBD,small_globular
ISDH_STAAW_Tsuboyama_2023_2LHR,ISDH_STAAW,YNLQKLLAPYHKAKTLERQVYELEKLQEKLPEKYKAEYKKKLDQTRVELADQVKS,55,Stability,ISDH_STAAW,small_globular
NUSG_MYCTU_Tsuboyama_2023_2MI6,NUSG_MYCTU,DYEVGESVTVMDGPFATLPATISEVNAEQQKLKVLVSIFGRETPVELTFGQVSKI,55,Stability,NUSG_MYCTU,small_globular
RFAH_ECOLI_Tsuboyama_2023_2LCL,RFAH_ECOLI,ATPYPGDKVIITEGAFEGFQAIFTEPDGEARSMLLLNLINKEIKHSVKNTEFRKL,55,Stability,RFAH_ECOLI,small_globular
SBI_STAAM_Tsuboyama_2023_2JVG,SBI_STAAM,VRHDERVKSANDAISKLNEKDSIENRRLAQREVNKAPMDVKEHLQKQLDALVAQKD,56,Stability,SBI_STAAM,small_globular
VRPI_BPT7_Tsuboyama_2023_2WNM,VRPI_BPT7,SLSVDNKKFWATVESSEHSFEVPIYAETLDEALELAEWQYVPAGFEVTRVRPCVAP,56,Stability,VRPI_BPT7,small_globular
RCD1_ARATH_Tsuboyama_2023_5OAO,RCD1_ARATH,PTLFAAISHKVAENDMLLINADYQQLRDKKMTRAEFVRKLRVIVGDDLLRSTITTLQ,57,Stability,RCD1_ARATH,small_globular
SOX30_HUMAN_Tsuboyama_2023_7JJK,SOX30_HUMAN,RPMNAFMVWARIHRPALAKANPAANNAEISVQLGLEWNKLSEEQKKPYYDEAQKIKE,57,Stability,SOX30_HUMAN,small_globular
UBR5_HUMAN_Tsuboyama_2023_1I2T,UBR5_HUMAN,HRQALGERLYPRVQAMQPAFASKITGMLLELSPAQLLLLLASEDSLRARVDEAMELII,58,Stability,UBR5_HUMAN,small_globular
RL20_AQUAE_Tsuboyama_2023_1GYZ,RL20_AQUAE,WIARINAAVRAYGLNYSTFINGLKKAGIELDRKILADMAVRDPQAFEQVVNKVKEALQV,59,Stability,RL20_AQUAE,small_globular
TNKS2_HUMAN_Tsuboyama_2023_5JRT,TNKS2_HUMAN,FSITQFVRNLGLEHLMDIFEREQITLRVLVEMGHKELKEIGINAYGHREKLIKGVERLI,59,Stability,TNKS2_HUMAN,small_globular
SPTN1_CHICK_Tsuboyama_2023_1TUD,SPTN1_CHICK,RQGFVPAAYVKKLDSGTGKELVLALYDYQEKSPREVTMKKGDILTLLNSTNKDWWKVEVN,60,Stability,SPTN1_CHICK,small_globular
MYO3_YEAST_Tsuboyama_2023_2BTT,MYO3_YEAST,KDPKFEAAYDFPGSGSSSELPLKKGDIVFISRDEPSGWSLAKLLDGSKEGWVPTAYMTPYK,61,Stability,MYO3_YEAST,small_globular
NKX31_HUMAN_Tsuboyama_2023_2L9R,NKX31_HUMAN,HSHMSHTQVIELERKFSHQKYLSAPERAHLAKNLKLTETQVKIWFQNRRYKTKRKQLSSEL,61,Stability,NKX31_HUMAN,small_globular
RPC1_BP434_Tsuboyama_2023_1R69,RPC1_BP434,SISSRVKSKRIQLGLNQAELAQKVGTTQQSIEQLENGKTKRPRFLPELASALGVSVDWLLN,61,Stability,RPC1_BP434,small_globular
PR40A_HUMAN_Tsuboyama_2023_1UZC,PR40A_HUMAN,TYTWNTKEEAKQAFKELLKEKRVPSNASWEQAMKMIINDPRYSALAKLSEKKQAFNAYKVQTE,63,Stability,PR40A_HUMAN,small_globular
RS15_GEOSE_Tsuboyama_2023_1A32,RS15_GEOSE,SPEVQIAILTEQINNLNEHLRVHKKDHHSRRGLLKMVGKRRRLLAYLRNKDVARYREIVEKLG,63,Stability,RS15_GEOSE,small_globular
BBC1_YEAST_Tsuboyama_2023_1TG0,BBC1_YEAST,EVPFKVVAQFPYKSDYEDDLNFEKDQEIIVTSVEDAEWYFGEYQDSNGDVIEGIFPKSFVAVQG,64,Stability,BBC1_YEAST,small_globular
DNJA1_HUMAN_Tsuboyama_2023_2LO1,DNJA1_HUMAN,TTYYDVLGVKPNATQEELKKAYRKLALKYHPDKNPNEGEKFKQISQAYEVLSDAKKRELYDKGGE,65,Stability,DNJA1_HUMAN,small_globular
OBSCN_HUMAN_Tsuboyama_2023_1V1C,OBSCN_HUMAN,FDIYVVTADYLPLGAEQDAITLREGQYVEVLDAAHPLRWLVRTKPTKSSPSRQGWVSPAYLDRRL,65,Stability,OBSCN_HUMAN,small_globular
VILI_CHICK_Tsuboyama_2023_1YU5,VILI_CHICK,KLETFPLDVLVNTAAEDLPRGVDPSRKENHLSDEDFKAVFGMTRSAFANLPLWKQQNLKKEKGLF,65,Stability,VILI_CHICK,small_globular
DOCK1_MOUSE_Tsuboyama_2023_2M0Y,DOCK1_MOUSE,WVPTKREEKYGVAFYNYDARGADELSLQIGDTVHILETYEGWYRGYTLRKKSKKGIFPASYIHLKE,66,Stability,DOCK1_MOUSE,small_globular
MBD11_ARATH_Tsuboyama_2023_6ACV,MBD11_ARATH,VSVELPAPSSWKKLFYPNKVGSVKKTEVVFVAPTGEEISNRKQLEQYLKSHPGNPAIAEFDWTTSG,66,Stability,MBD11_ARATH,small_globular
SRBS1_HUMAN_Tsuboyama_2023_2O2W,SRBS1_HUMAN,GIDPFTGEAIAKFNFNGDTQVEMSFRKGERITLLRQVDENWYEGRIPGTSRQGIFPITYVDVIKRPL,67,Stability,SRBS1_HUMAN,small_globular
PSAE_PICP2_Tsuboyama_2023_1PSE,PSAE_PICP2,AIERGSKVKILRKESYWYGDVGTVASIDKSGIIYPVIVRFNKVNYNGFSGSAGGLNTNNFAEHELEVV,68,Stability,PSAE_PICP2,small_globular
ARGR_ECOLI_Tsuboyama_2023_1AOY,ARGR_ECOLI,QEELVKAFKALLKEEKFSSQGEIVAALQEQGFDNINQSKVSRMLTKFGAVRTRNAKMEMVYCLPAELGV,69,Stability,ARGR_ECOLI,small_globular
FKBP3_HUMAN_Tsuboyama_2023_2KFV,FKBP3_HUMAN,VPQRAWTVEQLRSEQLPKKDIIKFLQEHGSDSFLAEHKLLGNIKNVAKTANKDHLVTAYNHLFETKRFK,69,Stability,FKBP3_HUMAN,small_globular
NUSA_ECOLI_Tsuboyama_2023_1WCL,NUSA_ECOLI,EAHAAIDTFTKYLDIDEDFATVLVEEGFSTLEELAYVPMKELLEIEGLDEPTVEALRERAKNALATIAQ,69,Stability,NUSA_ECOLI,small_globular
UBE4B_HUMAN_Tsuboyama_2023_3L1X,UBE4B_HUMAN,DAPDEFRDPLMDTLMTDPVRLPSGTIMDRSIILRHLLNSPTDPFNRQTLTESMLEPVPELKEQIQAWMR,69,Stability,UBE4B_HUMAN,small_globular
ILF3_HUMAN_Tsuboyama_2023_2L33,ILF3_HUMAN,MLTKHGKNPVMELNEKRRGLKYELISETGGSHDKRFVMEVEVDGQKFQGAGSNKKVAKAYAALAALEKLFP,71,Stability,ILF3_HUMAN,small_globular
PKN1_HUMAN_Tsuboyama_2023_1URF,PKN1_HUMAN,GIPATNLSRVAGLEKQLAIELKVKQGAENMIQTYSNGSTKDRKLLLTAQQMLQDSKTKIDIIRMQLRRALQ,71,Stability,PKN1_HUMAN,small_globular
CATR_CHLRE_Tsuboyama_2023_2AMI,CATR_CHLRE,GLTEEQKQEIREAFDLFDTDGSGTIDAKELKVAMRALGFEPKKEEIKKMISEIDKDGSGTIDFEEFLTMMTA,72,Stability,CATR_CHLRE,small_globular
CSN4_MOUSE_Tsuboyama_2023_1UFM,CSN4_MOUSE,SSGGSSILDRAVIEHNLLSASKLYNNITFEELGALLEIPAAKAEKIASQMITEGRMNGFIDQIDGIVHFETR,72,Stability,CSN4_MOUSE,small_globular
FECA_ECOLI_Tsuboyama_2023_2D1U,FECA_ECOLI,QVNIAPGSLDKALNQYAAHSGFTLSVDASLTRGKQSNGLHGDYDVESGLQQLLDGSGLQVKPLGNNSWTLEP,72,Stability,FECA_ECOLI,small_globular
HECD1_HUMAN_Tsuboyama_2023_3DKM,HECD1_HUMAN,NLYFQGLKYMVPGARVTRGLDWKWRDQDGSPQGEGTVTGELHNGWIDVTWDAGGSNSYRMGAEGKFDLKLAP,72,Stability,HECD1_HUMAN,small_globular
