protein_id,uniprot_id,sequence,length,selection_type,source_pdb_id,expected_protein_class_guess,disorder_fraction,foldindex_global,frac_windows_disordered,exclude_reason
GCN4_YEAST_Staller_2018,GCN4_YEAST,MSEYQPSLFALNPMGFSPLDGSKSTNENVSASTSTAKPMVGQLIFDKFIKTEEDPIIKQDTPSNLDFDFALPQTATAPDAKTVLPIPELDDAVVESFFSSSTDSTPMFEYENLEDNSKEWTSLFDNDIPVTTDDVSLADKAIESTEEVSLVPSNLEVSTTSFLPTPVLEDAKLTQTRKVKKPNSVVKKSHHVGKDDESRLDHLGVVAYNRKQRSIPLSPIVPESSDPAALKRARNTEAARRSRARKLQRMKQLEDKVEELLSKNYHLENEVARLKKLVGER,281,Binding,GCN4_YEAST,idp_like,0.5907,0.0198,0.6277,
CD19_HUMAN_Klesmith_2019_FMC_singles,CD19_HUMAN,MPPPRLLFFLLFLTPMEVRPEEPLVVKVEEGDNAVLQCLKGTSDGPTQQLTWSRESPLKPFLKLSLGLPGLGIHMRPLAIWLFIFNVSQQMGGFYLCQPGPPSEKAWQPGWTVNVEGSGELFRWNVSDLGGLGCGLKNRSSEGPSSPSGKLMSPKLYVWAKDRPEIWEGEPPCLPPRDSLNQSLSQDLTMAPGSTLWLSCGVPPDSVSRGPLSWTHVHPKGPKSLLSLELKDDRPARDMWVMETGLLLPRATAQDAGKYYCHRGNLTMSFHLEITARPVLWHWLLRTGGWKVSAVTLAYLIFCLCSLVGILHLQRALVLRRKRKRMTDPTRRFFKVTPPPGSGPQNQYGNVLSLPTPTSGLGRAQRWAAGLGGTAPSYGNPSSDVQADGALGSRSPPGVGPEEEEGEGYEEPDSEEDSEFYENDSNLGQDQLSQDGSGYENPEDEPLGPEDEDSFSNAESYENEDEELTQPVARTMDFLSPHGSAWDPSREATSLGSQSYEDMRGILYAAPQLRSIRGQPGPNHEEDADSYENMDNPDGPDPAWGGGGRMGTWSTR,556,Binding,CD19_HUMAN,idp_like,0.5018,0.0201,0.4071,
A0A1I9GEU1_NEIME_Kennouche_2019,A0A1I9GEU1_NEIME,FTLIELMIVIAIVGILAAVALPAYQDYTARAQVSEAILLAEGQKSAVTEYYLNHGEWPGDNSSAGVATSADIKGKYVQSVTVANGVITAQMASSNVNNEIKSKKLSLWAKRQNGSVKWFCGQPVTRTTATATDVAAANGKTDDKINTKHLPSTCRDDSSAS,161,Activity,A0A1I9GEU1_NEIME,small_globular,0.2298,0.2043,0.2432,
AICDA_HUMAN_Gajula_2014_3cycles,AICDA_HUMAN,MDSLLMNRRKFLYQFKNVRWAKGRRETYLCYVVKRRDSATSFSLDFGYLRNKNGCHVELLFLRYISDWDLDPGRCYRVTWFTSWSPCYDCARHVADFLRGNPNLSLRIFTARLYFCEDRKAEPEGLRRLHRAGVQIAIMTFKDYFYCWNTFVENHERTFKAWEGLHENSVRLSRQLRRILLPLYEVDDLRDAFRTLGL,198,Activity,AICDA_HUMAN,small_globular,0.0808,0.0415,0.1959,
D7PM05_CLYGR_Somermeyer_2022,D7PM05_CLYGR,MTALTEGAKLFEKEIPYITELEGDVEGMKFIIKGEGTGDATTGTIKAKYICTTGDLPVPWATILSSLSYGVFCFAKYPRHIADFFKSTQPDGYSQDRIISFDNDGQYDVKAKVTYENGTLYNRVTVKGTGFKSNGNILGMRVLYHSPPHAVYILPDRKNGGMKIEYNKAFDVMGGGHQMARHAQFNKPLGAWEEDYPLYHHLTVWTSFGKDPDDDETDHLTIVEVIKAVDLETYR,235,Activity,D7PM05_CLYGR,small_globular,0.1277,0.0827,0.3784,
RPC1_LAMBD_Li_2019_high-expression,RPC1_LAMBD,MSTKKKPLTQEQLEDARRLKAIYEKKKNELGLSQESVADKMGMGQSGVGALFNGINALNAYNAALLAKILKVSVEEFSPSIAREIYEMYEAVSMQPSLRSEYEYPVFSHVQAGMFSPELRTFTKGDAERWVSTTKKASDSAFWLEVEGNSMTAPTGSKPSFPDGMLILVDPEQAVEPGDFCIARLGGDEFTFKKLIRDSGQVFLQPLNPQYPMIPCNESCSVVGKVIASQWPEETFG,237,Activity,RPC1_LAMBD,small_globular,0.4135,0.1181,0.0428,
Q8WTC7_9CNID_Somermeyer_2022,Q8WTC7_9CNID,MSKGEELFTGIVPVLIELDGDVHGHKFSVRGEGEGDADYGKLEIKFICTTGKLPVPWPTLVTTLSYGILCFARYPEHMKMNDFFKSAMPEGYIQERTIFFQDDGKYKTRGEVKFEGDTLVNRIELKGMDFKEDGNILGHKLEYNFNSHNVYIMPDKANNGLKVNFKIRHNIEGGGVQLADHYQTNVPLGDGPVLIPINHYLSCQTAISKDRNETRDHMVFLEFFSACGHTHGMDELYK,238,Activity,Q8WTC7_9CNID,small_globular,0.1008,0.0772,0.3032,
OTC_HUMAN_Lo_2023,OTC_HUMAN,MLFNLRILLNNAAFRNGHNFMVRNFRCGQPLQNKVQLKGRDLLTLKNFTGEEIKYMLWLSADLKFRIKQKGEYLPLLQGKSLGMIFEKRSTRTRLSTETGFALLGGHPCFLTTQDIHLGVNESLTDTARVLSSMADAVLARVYKQSDLDTLAKEASIPIINGLSDLYHPIQILADYLTLQEHYSSLKGLTLSWIGDGNNILHSIMMSAAKFGMHLQAATPKGYEPDASVTKLAEQYAKENGTKLLLTNDPLEAAHGGNVLITDTWISMGQEEEKKKRLQAFQGYQVTMKTAKVAASDWTFLHCLPRKPEEVDDEVFYSPRSLVFPEAENRKWTIMAVMVSLLTDYSPQLQKPKF,354,Activity,OTC_HUMAN,medium_globular,0.2062,0.1543,0.1645,
HEM3_HUMAN_Loggerenberg_2023,HEM3_HUMAN,MSGNGNAAATAEENSPKMRVIRVGTRKSQLARIQTDSVVATLKASYPGLQFEIIAMSTTGDKILDTALSKIGEKSLFTKELEHALEKNEVDLVVHSLKDLPTVLPPGFTIGAICKRENPHDAVVFHPKFVGKTLETLPEKSVVGTSSLRRAAQLQRKFPHLEFRSIRGNLNTRLRKLDEQQEFSAIILATAGLQRMGWHNRVGQILHPEECMYAVGQGALGVEVRAKDQDILDLVGVLHDPETLLRCIAERAFLRHLEGGCSVPVAVHTAMKDGQLYLTGGVWSLDGSDSIQETMQATIHVPAQHEDGPEDDPQLVGITARNIPRGPQLAAQNLGISLANLLLSKGAKNILDVARQLNDAH,361,Activity,HEM3_HUMAN,medium_globular,0.2715,0.1726,0.2058,
OXDA_RHOTO_Vanella_2023_activity,OXDA_RHOTO,HSQKRVVVLGSGVIGLSSALILARKGYSVHILARDLPEDVSSQTFASPWAGANWTPFMTLTDGPRQAKWEESTFKKWVELVPTGHAMWLKGTRRFAQNEDGLLGHWYKDITPNYRPLPSSECPPGAIGVTYDTLSVHAPKYCQYLARELQKLGATFERRTVTSLEQAFDGADLVVNATGLGAKSIAGIDDQAAEPIRGQTVLVKSPCKRCTMDSSDPASPAYIIPRPGGEVICGGTYGVGDWDLSVNPETVQRILKHCLRLDPTISSDGTIEGIEVLRHNVGLRPARRGGPRVEAERIVLPLDRTKSPLSLGRGSARAAKEKEVTLVHAYGFSSAGYQQSWGAAEDVAQLVDEAFQRYHGAARE,364,Activity,OXDA_RHOTO,medium_globular,0.3187,0.1388,0.1529,
KCNJ2_MOUSE_Coyote-Maestas_2022_function,KCNJ2_MOUSE,MGSVRTNRYSIVSSEEDGMKLATMAVANGFGNGKSKVHTRQQCRSRFVKKDGHCNVQFINVGEKGQRYLADIFTTCVDIRWRWMLVIFCLAFVLSWLFFGCVFWLIALLHGDLDTSKVSKACVSEVNSFTAAFLFSIETQTTIGYGFRCVTDECPIAVFMVVFQSIVGCIIDAFIIGAVMAKMAKPKKRNETLVFSHNAVIAMRDGKLCLMWRVGNLRKSHLVEAHVRAQLLKSRITSEGEYIPLDQIDINVGFDSGIDRIFLVSPITIVHEIDEDSPLYDLSKQDIDNADFEIVVILEGMVEATAMTTQCRSSYLANEILWGHRYEPVLFEEKHYYKVDYSRFHKTYEVPNTPLCSARDLAEKKYILSNANSFCYENEVALTSKEEEEDSENGVPESTSTDSPPGIDLHNQASVPLEPRPLRRESEI,428,Activity,KCNJ2_MOUSE,large_globular,0.2453,0.1928,0.2910,
LGK_LIPST_Klesmith_2015,LGK_LIPST,MPIATSTGDNVLDFTVLGLNSGTSMDGIDCALCHFYQKTPDAPMEFELLEYGEVPLAQPIKQRVMRMILEDTTSPSELSEVNVILGEHFADAVRQFAAERNVDLSTIDAIASHGQTIWLLSMPEEGQVKSALTMAEGAIIAARTGITSITDFRISDQAAGRQGAPLIAFFDALLLHHPTKLRACQNIGGIANVCFIPPDVDGRRTDEYYDFDTGPGNVFIDAVVRHFTNGEQEYDKDGAMGKRGKVDQELVDDFLKMPYFQLDPPKTTGREVFRDTLAHDLIRRAEAKGLSPDDIVATTTRITAQAIVDHYRRYAPSQEIDEIFMCGGGAYNPNIVEFIQQSYPNTKIMMLDEAGVPAGAKEAITFAWQGMECLVGRSIPVPTRVETRQHYVLGKVSPGLNYRSVMKKGMAFGGDAQQLPWVSEMIVKKKGKVITNNWA,439,Activity,LGK_LIPST,large_globular,0.2164,0.1446,0.1825,
Q59976_STRSQ_Romero_2015,Q59976_STRSQ,MVPAAQQTAMAPDAALTFPEGFLWGSATASYQIEGAAAEDGRTPSIWDTYARTPGRVRNGDTGDVATDHYHRWREDVALMAELGLGAYRFSLAWPRIQPTGRGPALQKGLDFYRRLADELLAKGIQPVATLYHWDLPQELENAGGWPERATAERFAEYAAIAADALGDRVKTWTTLNEPWCSAFLGYGSGVHAPGRTDPVAALRAAHHLNLGHGLAVQALRDRLPADAQCSVTLNIHHVRPLTDSDADADAVRRIDALANRVFTGPMLQGAYPEDLVKDTAGLTDWSFVRDGDLRLAHQKLDFLGVNYYSPTLVSEADGSGTHNSDGHGRSAHSPWPGADRVAFHQPPGETTAMGWAVDPSGLYELLRRLSSDFPALPLVITENGAAFHDYADPEGNVNDPERIAYVRDHLAAVHRAIKDGSDVRGYFLWSLLDNFEWAHGYSKRFGAVYVDYPTGTRIPKASARWYAEVARTGVLPTAGDPNSSSVDKLAAALEHHHHHH,501,Activity,Q59976_STRSQ,large_globular,0.2435,0.0868,0.2018,
PPARG_HUMAN_Majithia_2016,PPARG_HUMAN,MGETLGDSPIDPESDSFTDTLSANISQEMTMVDTEMPFWPTNFGISSVDLSVMEDHSHSFDIKPFTTVDFSSISTPHYEDIPFTRTDPVVADYKYDLKLQEYQSAIKVEPASPPYYSEKTQLYNKPHEEPSNSLMAIECRVCGDKASGFHYGVHACEGCKGFFRRTIRLKLIYDRCDLNCRIHKKSRNKCQYCRFQKCLAVGMSHNAIRFGRMPQAEKEKLLAEISSDIDQLNPESADLRALAKHLYDSYIKSFPLTKAKARAILTGKTTDKSPFVIYDMNSLMMGEDKIKFKHITPLQEQSKEVAIRIFQGCQFRSVEAVQEITEYAKSIPGFVNLDLNDQVTLLKYGVHEIIYTMLASLMNKDGVLISEGQGFMTREFLKSLRKPFGDFMEPKFEFAVKFNALELDDSDLAIFIAVIILSGDRPGLLNVKPIEDIQDNLLQALELQLKLNHPESSQLFAKLLQKMTDLRQIVTEHVQLLQVIKKTETDMSLHPLLQEIYKDLY,505,Activity,PPARG_HUMAN,large_globular,0.2436,0.1204,0.2681,
SRC_HUMAN_Ahler_2019,SRC_HUMAN,MGSNKSKPKDASQRRRSLEPAENVHGAGGGAFPASQTPSKPASADGHRGPSAAFAPAAAEPKLFGGFNSSDTVTSPQRAGPLAGGVTTFVALYDYESRTETDLSFKKGERLQIVNNTEGDWWLAHSLSTGQTGYIPSNYVAPSDSIQAEEWYFGKITRRESERLLLNAENPRGTFLVRESETTKGAYCLSVSDFDNAKGLNVKHYKIRKLDSGGFYITSRTQFNSLQQLVAYYSKHADGLCHRLTTVCPTSKPQTQGLAKDAWEIPRESLRLEVKLGQGCFGEVWMGTWNGTTRVAIKTLKPGTMSPEAFLQEAQVMKKLRHEKLVQLYAVVSEEPIYIVTEYMSKGSLLDFLKGETGKYLRLPQLVDMAAQIASGMAYVERMNYVHRDLRAANILVGENLVCKVADFGLARLIEDNEYTARQGAKFPIKWTAPEAALYGRFTIKSDVWSFGILLTELTTKGRVPYPGMVNREVLDQVERGYRMPCPPECPESLHDLMCQCWRKEPEERPTFEYLQAFLEDYFTSTEPQYQPGENL,536,Activity,SRC_HUMAN,large_globular,0.3619,0.0953,0.2449,
S22A1_HUMAN_Yee_2023_activity,S22A1_HUMAN,PTVDDILEQVGESGWFQKQAFLILCLLSAAFAPICVGIVFLGFTPDHHCQSPGVAELSQRCGWSPAEELNYTVPGLGPAGEAFLGQCRRYEVDWNQSALSCVDPLASLATNRSHLPLGPCQDGWVYDTPGSSIVTEFNLVCADSWKLDLFQSCLNAGFLFGSLGVGYFADRFGRKLCLLGTVLVNAVSGVLMAFSPNYMSMLLFRLLQGLVSKGNWMAGYTLITEFVGSGSRRTVAIMYQMAFTVGLVALTGLAYALPHWRWLQLAVSLPTFLFLLYYWCVPESPRWLLSQKRNTEAIKIMDHIAQKNGKLPPADLKMLSLEEDVTEKLSPSFADLFRTPRLRKRTFILMYLWFTDSVLYQGLILHMGATSGNLYLDFLYSALVEIPGAFIALITIDRVGRIYPMAMSNLLAGAACLVMIFISPDLHWLNIIIMCVGRMGITIAIQMICLVNAELYPTFVRNLGVMVCSSLCDIGGIITPFIVFRLREVWQALPLILFAVLGLLAAGVTLLLPETKGVALPETMKDAENLGRKAKPKENTIYLKVQTSEPSGT,553,Activity,S22A1_HUMAN,large_globular,0.1935,0.3769,0.0099,
Q837P5_ENTFA_Meier_2023,Q837P5_ENTFA,MDLIIQHAKKYKGSVVIALLAVIVMVVSALWQPKLLQQVLEAIMNDDSDKMKNLGIQLIAIAGLGLVAGVINTIFSAKVAQGVSADIREATFRKIQTFSFGNIEKFSAGNLVVRLTNDVTQIQNVIMIALQTLFRIPFLFIGSFILAMLTLPQLWWVIVALVIAVILISMLSFSQMGKHFMIIQNLIDKINGIAKENLLGIRVVKSFVQEKNQLSRFTKVSEELTTHNLIVGSLFAVMIPAFMLVANLAVVGSIFFVSNLVKDDPTLIGGVASFMNYLMQIMMAIIIGGMMMMMTSRAAVSIKRIKEVMETEPDVTYKKVPEQELIGSVEFDHVSFRYPGDEEDTLKDISFSIQPGEMIGIVGATGAGKSTLAQLIPRLFDPTEGKIEVGGVDLREVNEHSLRKTVSFVLQKAILFSGTIAQNLRHGKRDASEADMERASGIAQAKEFIEKLAEGYDAPVEERSNNFSGGQKQRLSITRGVIGEPKILILDDSTSALDARSERLVREALDKELKETTTIVIAQKISSVVHADRILVLDNGRLVGEGTHEELAATNPVYQEIYETQKGKEEA,571,Activity,Q837P5_ENTFA,large_globular,0.2329,0.3079,0.0864,
Q837P4_ENTFA_Meier_2023,Q837P4_ENTFA,MTDLIKASKFFYHYLKRYKVSFLFIFLAIFAATYLQVKAPQFVGEAIQELAKYAVNVMQGKDDKSAFVSVIWKLLIFYVLTSAASFIYSILFTQVVGKSTNRMRIGLFNKLEKLTIRFFDSHQDGEILSRFTSDLDNIQNSLNQALLQVLTNIALLVGVLIMMFRQNVELAWATIASTPIAILIAVFVISKARKYVDLQQDEVGKLNGYMDEKISGQRVIITNGLQEETIDGFLEQNEKVRAATYKGQVYSGLLFPMMQGMSLVNTAIVIFFGGWLAINGSVDRAAALGLVVMFVQYSQQYYQPLMQISSGYSMIQLAVTGARRLNEMFDEPDEIRPENGEKLEEINKAVALNHVVFGYNPETPVLKDVSIHVDKGEMVALVGPTGSGKTTIMNLMNRFYDVNEGAVTFDGVDIREMDLDSLRSHVGIVLQESVLFSGTIRENIAFGKPEATDEEIVQAAKQANIHEFIVNLEQGYDTEITEENNLFSTGQKQLVSIARTIITNPELLILDEATSNVDTVTEAKIQKAMDEAIKGRTSFVIAHRLKTILNADRIIVLRDGEVIEEGNHHELVEQDGFYAELYKNQFVFE,589,Activity,Q837P4_ENTFA,large_globular,0.1460,0.2327,0.1224,
LYAM1_HUMAN_Elazar_2016,LYAM1_HUMAN,MIFPWKCQSTQRDLWNIFKLWGWTMLCCDFLAHHGTDCWTYHYSEKPMNWQRARRFCRDNYTDLVAIQNKAEIEYLEKTLPFSRSYYWIGIRKIGGIWTWVGTNKSLTEEAENWGDGEPNNKKNKEDCVEIYIKRNKDAGKWNDDACHKLKAALCYTASCQPWSCSGHGECVEIINNYTCNCDVGYYGPQCQFVIQCEPLEAPELGTMDCTHPLGNFSFSSQCAFSCSEGTNLTGIEETTCGPFGNWSSPEPTCQVIQCEPLSAPDLGIMNCSHPLASFSFTSACTFICSEGTELIGKKKTICESSGIWSNPSPICQKLDKSFSMIKEGDYNPLFIPVAVMVTAFSGLAFIIWLARRLKKGKKSKRSMNDPY,372,Expression,LYAM1_HUMAN,medium_globular,0.3038,0.1188,0.2857,
PRKN_HUMAN_Clausen_2023,PRKN_HUMAN,MIVFVRFNSSHGFPVEVDSDTSIFQLKEVVAKRQGVPADQLRVIFAGKELRNDWTVQNCDLDQQSIVHIVQRPWRKGQEMNATGGDDPRNAAGGCEREPQSLTRVDLSSSVLPGDSVGLAVILHTDSRKDSPPAGSPAGRSIYNSFYVYCKGPCQRVQPGKLRVQCSTCRQATLTLTQGPSCWDDVLIPNRMSGECQSPHCPGTSAEFFFKCGAHPTSDKETSVALHLIATNSRNITCITCTDVRSPVLVFQCNSRHVICLDCFHLYCVTRLNDRQFVHDPQLGYSLPCVAGCPNSLIKELHHFRILGEEQYNRYQQYGAEECVLQMGGVLCPRPGCGAGLLPEPDQRKVTCEGGNGLGCGFAFCRECKEAYHEGECSAVFEASGTTTQAYRVDERAAEQARWEAASKETIKKTTKPCPRCHVPVEKNGGCMHMKCPQPQCRLEWCWNCGCEWNRVCMGDHWFDV,465,Expression,PRKN_HUMAN,large_globular,0.3849,0.1154,0.2964,
IF1_ECOLI_Kelsic_2016,IF1_ECOLI,MAKEDNIEMQGTVLETLPNTMFRVELENGHVVTAHISGKMRKNYIRILTGDKVTVELTPYDLSKGRIVFRSR,72,OrganismalFitness,IF1_ECOLI,small_globular,0.0972,0.1041,0.0000,
TAT_HV1BR_Fernandes_2016,TAT_HV1BR,MEPVDPRLEPWKHPGSQPKTACTNCYCKKCCFHCQVCFMTKALGISYGRKKRRQRRRAHQNSQTHQASLSKQPTSQSRGDPTGPKE,86,OrganismalFitness,TAT_HV1BR,small_globular,0.6977,-0.2798,1.0000,disorder_fraction:0.698>0.6
F7YBW8_MESOW_Ding_2023,F7YBW8_MESOW,MANVEKMSVAVTPQQAAVMREAVEAGEYATASEIVREAVRDWLAKRELRHDDIRRLRQLWDEGKASGRPEPVDFDALRKEARQKLTEVPPNGR,93,OrganismalFitness,F7YBW8_MESOW,small_globular,0.4946,-0.0011,0.7209,
REV_HV1H2_Fernandes_2016,REV_HV1H2,MAGRSGDSDEELIRTVRLIKLLYQSNPPPNPEGTRQARRNRRRRWRERQRQIHSISERILSTYLGRSAEPVPLQLPPLERLTLDCNEDCGTSGTQGVGSPQILVESPTVLESGTKE,116,OrganismalFitness,REV_HV1H2,idp_like,0.5690,-0.0559,0.6818,
AACC1_PSEAI_Dandage_2018,AACC1_PSEAI,MLRSSNDVTQQGSRPKTKLGGSSMGIIRTCRLGPDQVKSMRAALDLFGREFGDVATYSQHQPDSDYLGNLLRSKTFIALAAFDQEAVVGALAAYVLPKFEQPRSEIYIYDLAVSGEHRRQGIATALINLLKHEANALGAYVIYVQADYGDDPAVALYTKLGIREEVMHFDIDPSTAT,177,OrganismalFitness,AACC1_PSEAI,small_globular,0.1299,0.1712,0.0472,
HIS7_YEAST_Pokusaeva_2019,HIS7_YEAST,MTEQKALVKRITNETKIQIAISLKGGPLAIEHSIFPEKEAEAVAEQATQSQVINVHTGIGFLDHMIHALAKHSGWSLIVECIGDLHIDDHHTTEDCGIALGQAFKEALGAVRGVKRFGSGFAPLDEALSRAVVDLSNRPYAVVELGLQREKVGDLSCEMIPHFLESFAEASRITLHVDCLRGKNDHHRSESAFKALAVAIREATSPNGTNDVPSTKGVLM,220,OrganismalFitness,HIS7_YEAST,small_globular,0.2273,0.1834,0.0000,
TPK1_HUMAN_Weile_2017,TPK1_HUMAN,MEHAFTPLEPLLSTGNLKYCLVILNQPLDNYFRHLWNKALLRACADGGANRLYDITEGERESFLPEFINGDFDSIRPEVREYYATKGCELISTPDQDHTDFTKCLKMLQKKIEEKDLKVDVIVTLGGLAGRFDQIMASVNTLFQATHITPFPIIIIQEESLIYLLQPGKHRLHVDTGMEGDWCGLIPVGQPCMQVTTTGLKWNLTNDVLAFGTLVSTSNTYDGSGVVTVETDHPLLWTMAIKS,243,OrganismalFitness,TPK1_HUMAN,small_globular,0.1523,0.1661,0.2383,
TRPC_SACS2_Chan_2017,TRPC_SACS2,MPRYLKGWLKDVVQLSLRRPSFRASRQRPIISLNERILEFNKRNITAIIAEYKRKSPSGLDVERDPIEYSKFMERYAVGLSILTEEKYFNGSYETLRKIASSVSIPILMKDFIVKESQIDDAYNLGADTVLLIVKILTERELESLLEYARSYGMEPLIEINDENDLDIALRIGARFIGINSRDLETLEINKENQRKLISMIPSNVVKVAESGISERNEIEELRKLGVNAFLIGSSLMRNPEKIKEFIL,248,OrganismalFitness,TRPC_SACS2,small_globular,0.1895,0.1623,0.1970,
TRPC_THEMA_Chan_2017,TRPC_THEMA,MRRLWEIVEAKKKDILEIDGENLIVQRRNHRFLEVLSGKERVKIIAEFKKASPSAGDINADASLEDFIRMYDELADAISILTEKHYFKGDPAFVRAARNLTSRPILAKDFYIDTVQVKLASSVGADAILIIARILTAEQIKEIYEAAEELGMDSLVEVHSREDLEKVFSVIRPKIIGINTRDLDTFEIKKNVLWELLPLVPDDTVVVAESGIKDPRELKDLRGKVNAVLVGTSIMKAENPRRFLEEMRAWSE,252,OrganismalFitness,TRPC_THEMA,medium_globular,0.2579,0.1649,0.0050,
P84126_THETH_Chan_2017,P84126_THETH,MRPDLSRVPGVLGEIARKRASEVAPYPLPEPPSVPSFKEALLRPGLSVIAEVKRQSPSEGLIREVDPVEAALAYARGGARAVSVLTEPHRFGGSLLDLKRVREAVDLPLLRKDFVVDPFMLEEARAFGASAALLIVALLGELTGAYLEEARRLGLEALVEVHTERELEIALEAGAEVLGINNRDLATLHINLETAPRLGRLARKRGFGGVLVAESGYSRKEELKALEGLFDAVLIGTSLMRAPDLEAALRELVG,254,OrganismalFitness,P84126_THETH,medium_globular,0.3307,0.2440,0.0000,
R1AB_SARS2_Flynn_2022,R1AB_SARS2,SGFRKMAFPSGKVEGCMVQVTCGTTTLNGLWLDDVVYCPRHVICTSEDMLNPNYEDLLIRKSNHNFLVQAGNVQLRVIGHSMQNCVLKLKVDTANPKTPKYKFVRIQPGQTFSVLACYNGSPSGVYQCAMRPNFTIKGSFLNGSCGSVGFNIDYDCVSFCYMHHMELPTGVHAGTDLEGNFYGPFVDRQTAQAAGTDTTITVNVLAWLYAAVINGDRWFLNRFTTTLNDFNLVAMKYNYEPLTQDHVDILGPLSAQTGIAVLDMCASLKELLQNGMNGRTILGSALLEDEFTPFDVVRQCSGVTFQ,306,OrganismalFitness,R1AB_SARS2,medium_globular,0.0850,0.2226,0.0352,
MTH3_HAEAE_RockahShmuel_2015,MTH3_HAEAE,MNLISLFSGAGGLDLGFQKAGFRIIAANEYDKSIWKTYESNHSAKLIKGDISKISSDEFPKCDGIIGGPPCQSWSEGGSLRGIDDPRGKLFYEYIRILKQKKPKFFLAENVKGMLAQRHNKAVQEFIQEFDNAGYDVHIILLNANDYGVAQDRKRVFYIGFRKELNINYLPPIPHLIKPTLKDVIWDLKDNPIPALDKNKTNGNKCIYPNHEYFIGSYSTIFMSRNRVRQWNEPAFTVQASGRQCQLHPQAPVMLKVSKNLNKFVEGKEHLYRRLTVRECARVQGFPDDFIFHYESLNDGYKMIGNAVPVNLAYEIAKTIKSALEIRKGN,330,OrganismalFitness,MTH3_HAEAE,medium_globular,0.2182,0.0678,0.3821,
MK01_HUMAN_Brenan_2016,MK01_HUMAN,MAAAAAAGAGPEMVRGQVFDVGPRYTNLSYIGEGAYGMVCSAYDNVNKVRVAIKKISPFEHQTYCQRTLREIKILLRFRHENIIGINDIIRAPTIEQMKDVYIVQDLMETDLYKLLKTQHLSNDHICYFLYQILRGLKYIHSANVLHRDLKPSNLLLNTTCDLKICDFGLARVADPDHDHTGFLTEYVATRWYRAPEIMLNSKGYTKSIDIWSVGCILAEMLSNRPIFPGKHYLDQLNHILGILGSPSQEDLNCIINLKARNYLLSLPHKNKVPWNRLFPNADSKALDLLDKMLTFNPHKRIEVEQALAHPYLEQYYDPSDEPIAEAPFKFDMELDDLPKEKLKELIFEETARFQPGYRS,360,OrganismalFitness,MK01_HUMAN,medium_globular,0.1667,0.1445,0.1613,
SERC_HUMAN_Xie_2023,SERC_HUMAN,MDAPRQVVNFGPGPAKLPHSVLLEIQKELLDYKGVGISVLEMSHRSSDFAKIINNTENLVRELLAVPDNYKVIFLQGGGCGQFSAVPLNLIGLKAGRCADYVVTGAWSAKAAEEAKKFGTINIVHPKLGSYTKIPDPSTWNLNPDASYVYYCANETVHGVEFDFIPDVKGAVLVCDMSSNFLSKPVDVSKFGVIFAGAQKNVGSAGVTVVIVRDDLLGFALRECPSVLEYKVQAGNSSLYNTPPCFSIYVMGLVLEWIKNNGGAAAMEKLSSIKSQTIYEIIDNSQGFYVCPVEPQNRSKMNIPFRIGNAKGDDALEKRFLDKALELNMLSLKGHRSVGGIRASLYNAVTIEDVQKLAAFMKKFLEMHQL,370,OrganismalFitness,SERC_HUMAN,medium_globular,0.1541,0.2448,0.0281,
P53_HUMAN_Giacomelli_2018_Null_Etoposide,P53_HUMAN,MEEPQSDPSVEPPLSQETFSDLWKLLPENNVLSPLPSQAMDDLMLSPDDIEQWFTEDPGPDEAPRMPEAAPRVAPAPAAPTPAAPAPAPSWPLSSSVPSQKTYQGSYGFRLGFLHSGTAKSVTCTYSPALNKMFCQLAKTCPVQLWVDSTPPPGTRVRAMAIYKQSQHMTEVVRRCPHHERCSDSDGLAPPQHLIRVEGNLRVEYLDDRNTFRHSVVVPYEPPEVGSDCTTIHYNYMCNSSCMGGMNRRPILTIITLEDSSGNLLGRNSFEVRVCACPGRDRRTEEENLRKKGEPHHELPPGSTKRALPNNTSSSPQPKKKPLDGEYFTLQIRGRERFEMFRELNEALELKDAQAGKEPGGSRAHSSHLKSKKGQSTSRHKKLMFKTEGPDSD,393,OrganismalFitness,P53_HUMAN,idp_like,0.5827,-0.0024,0.6006,
TADBP_HUMAN_Bolognesi_2019,TADBP_HUMAN,MSEYIRVTEDENDEPIEIPSEDDGTVLLSTVTAQFPGACGLRYRNPVSQCMRGVRLVEGILHAPDAGWGNLVYVVNYPKDNKRKMDETDASSAVKVKRAVQKTSDLIVLGLPWKTTEQDLKEYFSTFGEVLMVQVKKDLKTGHSKGFGFVRFTEYETQVKVMSQRHMIDGRWCDCKLPNSKQSQDEPLRSRKVFVGRCTEDMTEDELREFFSQYGDVMDVFIPKPFRAFAFVTFADDQIAQSLCGEDLIIKGISVHISNAEPKHNSNRQLERSGRFGGNPGGFGNQGGFGNSRGGGAGLGNNQGSNMGGGMNFGAFSINPAMMAAAQAALQSSWGMMGMLASQQNQSGPSGNNQNQGNMQREPNQAFGSGNNSYSGSNSGAAIGWGSASNAGSGSGFNGGFGSSMDSKSSGWGM,414,OrganismalFitness,TADBP_HUMAN,idp_like,0.2609,0.0664,0.3709,
GDIA_HUMAN_Silverstein_2021,GDIA_HUMAN,MDEEYDVIVLGTGLTECILSGIMSVNGKKVLHMDRNPYYGGESSSITPLEELYKRFQLLEGPPESMGRGRDWNVDLIPKFLMANGQLVKMLLYTEVTRYLDFKVVEGSFVYKGGKIYKVPSTETEALASNLMGMFEKRRFRKFLVFVANFDENDPKTFEGVDPQTTSMRDVYRKFDLGQDVIDFTGHALALYRTDDYLDQPCLETVNRIKLYSESLARYGKSPYLYPLYGLGELPQGFARLSAIYGGTYMLNKPVDDIIMENGKVVGVKSEGEVARCKQLICDPSYIPDRVRKAGQVIRIICILSHPIKNTNDANSCQIIIPQNQVNRKSDIYVCMISYAHNVAAQGKYIAIASTTVETTDPEKEVEPALELLEPIDQKFVAISDLYEPIDDGCESQVFCSCSYDATTHFETTCNDIKDIYKRMAGTAFDFENMKRKQNDVFGEAEQ,447,OrganismalFitness,GDIA_HUMAN,large_globular,0.2170,0.1146,0.2015,
NRAM_I33A0_Jiang_2016,NRAM_I33A0,MNPNQKIITIGSICMVVGIISLILQIGNIISIWISHSIQTGNQNHTGICNQGIITYNVVAGQDSTSVILTGNSSLCPIRGWAIHSKDNGIRIGSKGDVFVIREPFISCSHLECRTFFLTQGALLNDKHSNGTVKDRSPYRALMSCPVGEAPSPYNSRFESVAWSASACHDGMGWLTIGISGPDNGAVAVLKYNGIITETIKSWRKKILRTQESECTCVNGSCFTIMTDGPSNGLASYKIFKIEKGKVTKSIELNAPNSHYEECSCYPDTGKVMCVCRDNWHGSNRPWVSFDQNLDYQIGYICSGVFGDNPRPKDGPGSCGPVSADGANGVKGFSYRYGNGVWIGRTKSDSSRHGFEMIWDPNGWTETDSRFSVRQDVVAMTDRSGYSGSFVQHPELTGLDCMRPCFWVELIRGRPEEETIWTSGSIISFCGVNSDTVDWSWPDGAELPFTIDK,453,OrganismalFitness,NRAM_I33A0,large_globular,0.1898,0.1566,0.2134,
I6TAH8_I68A0_Doud_2015,I6TAH8_I68A0,MASQGTKRSYEQMETDGERQNATEIRASVGKMIDGIGRFYIQMCTELKLSDYEGRLIQNSLTIERMVLSAFDERRNKYLEEHPSAGKDPKKTGGPIYKRVDRKWMRELVLYDKEEIRRIWRQANNGDDATAGLTHMMIWHSNLNDTTYQRTRALVRTGMDPRMCSLMQGSTLPRRSGAAGAAVKGVGTMVMELIRMIKRGINDRNFWRGENGRKTRSAYERMCNILKGKFQTAAQRAMMDQVRESRNPGNAEIEDLIFLARSALILRGSVAHKSCLPACVYGPAVASGYDFEKEGYSLVGIDPFKLLQNSQVYSLIRPNENPAHKSQLVWMACNSAAFEDLRVLSFIRGTKVSPRGKLSTRGVQIASNENMDAMESSTLELRSRYWAIRTRSGGNTNQQRASAGQISVQPAFSVQRNLPFDKPTIMAAFTGNTEGRTSDMRAEIIRMMEGAKPEEMSFQGRGVFELSDERAANPIVPSFDMSNEGSYFFGDNAEEYDN,498,OrganismalFitness,I6TAH8_I68A0,idp_like,0.2550,0.0350,0.4710,
NCAP_I34A1_Doud_2015,NCAP_I34A1,MASQGTKRSYEQMETDGERQNATEIRASVGKMIGGIGRFYIQMCTELKLSDYEGRLIQNSLTIERMVLSAFDERRNKYLEEHPSAGKDPKKTGGPIYRRVNGKWMRELILYDKEEIRRIWRQANNGDDATAGLTHMMIWHSNLNDATYQRTRALVRTGMDPRMCSLMQGSTLPRRSGAAGAAVKGVGTMVMELVRMIKRGINDRNFWRGENGRKTRIAYERMCNILKGKFQTAAQKAMMDQVRESRNPGNAEFEDLTFLARSALILRGSVAHKSCLPACVYGPAVASGYDFEREGYSLVGIDPFRLLQNSQVYSLIRPNENPAHKSQLVWMACHSAAFEDLRVLSFIKGTKVLPRGKLSTRGVQIASNENMETMESSTLELRSRYWAIRTRSGGNTNQQRASAGQISIQPTFSVQRNLPFDRTTIMAAFNGNTEGRTSDMRTEIIRMMESARPEDVSFQGRGVFELSDEKAASPIVPSFDMSNEGSYFFGDNAEEYDN,498,OrganismalFitness,NCAP_I34A1,large_globular,0.2450,0.0375,0.4531,
CBS_HUMAN_Sun_2020,CBS_HUMAN,MPSETPQAEVGPTGCPHRSGPHSAKGSLEKGSPEDKEAKEPLWIRPDAPSRCTWQLGRPASESPHHHTAPAKSPKILPDILKKIGDTPMVRINKIGKKFGLKCELLAKCEFFNAGGSVKDRISLRMIEDAERDGTLKPGDTIIEPTSGNTGIGLALAAAVRGYRCIIVMPEKMSSEKVDVLRALGAEIVRTPTNARFDSPESHVGVAWRLKNEIPNSHILDQYRNASNPLAHYDTTADEILQQCDGKLDMLVASVGTGGTITGIARKLKEKCPGCRIIGVDPEGSILAEPEELNQTEQTTYEVEGIGYDFIPTVLDRTVVDKWFKSNDEEAFTFARMLIAQEGLLCGGSAGSTVAVAVKAAQELQEGQRCVVILPDSVRNYMTKFLSDRWMLQKGFLKEEDLTEKKPWWWHLRVQELGLSAPLTVLPTITCGHTIEILREKGFDQAPVVDEAGVILGMVTLGNMLSSLLAGKVQPSDQVGKVIYKQFKQIRLTDTLGRLSHILEMDHFALVVHEQIQYHSTGKSSQRQMVFGVVTAIDLLNFVAAQERDQK,551,OrganismalFitness,CBS_HUMAN,large_globular,0.3339,0.1445,0.2016,
A0A2Z5U3Z0_9INFA_Doud_2016,A0A2Z5U3Z0_9INFA,MKAKLLVLLYAFVATDADTICIGYHANNSTDTVDTILEKNVAVTHSVNLLEDSHNGKLCKLKGIAPLQLGKCNITGWLLGNPECDSLLPARSWSYIVETPNSENGACYPGDLIDYEELREQLSSVSSLERFEIFPKESSWPNHTFNGVTVSCSHRGKSSFYRNLLWLTKKGDSYPKLTNSYVNNKGKEVLVLWGVHHPSSSDEQQSLYSNGNAYVSVASSNYNRRFTPEIAARPKVRDQHGRMNYYWTLLEPGDTIIFEATGNLIAPWYAFALSRGFESGIITSNASMHECNTKCQTPQGAINSNLPFQNIHPVTIGECPKYVRSTKLRMVTGLRNIPSIQYRGLFGAIAGFIEGGWTGMIDGWYGYHHQNEQGSGYAADQKSTQNAINGITNKVNSVIEKMNTQFTAVGKEFNNLEKRMENLNKKVDDGFLDIWTYNAELLVLLENERTLDFHDLNVKNLYEKVKSQLKNNAKEIGNGCFEFYHKCDNECMESVRNGTYDYPKYSEESKLNREKIDGVKLESMGVYQILAIYSTVASSLVLLVSLGAISFWMCSNGSLQCRICI,565,OrganismalFitness,A0A2Z5U3Z0_9INFA,large_globular,0.2159,0.1215,0.4544,
C6KNH7_9INFA_Lee_2018,C6KNH7_9INFA,MKTIIALSYILCLVFAQKLPGNDNSTATLCLGHHAVPNGTIVKTITNDQIEVTNATELVQSSSTGEICDSPHQILDGKNCTLIDALLGDPQCDDFQNKKWDLFVERSKAYSNCYPYDVPDYASLRSLVASSGTLEFNNESFNWTGVTQNGTSSACIRRSKNSFFSRLNWLTHLNFKYPALNVTMPNNEQFDKLYIWGVLHPGTDKDQIFLYAQASGRITVSTKRSQQIVSPNIGSRPRVRNIPSRISIYWTIVKPGDILLINSTGNLIAPRGYFKIRSGKSSIMRSDAPIGKCNSECITPNGSIPNDKPFQNVNRITYGACPRYVKQNTLKLATGMRNVPEKQTRGIFGAIAGFIENGWEGMVDGWYGFRHQNSEGRGQAADLKSTQAAIDQINGKLNRLIGKTNEKFHQIEKEFSEVEGRIQDLEKYVEDTKIDLWSYNAELLVALENQHTIDLTDSEMNKLFEKTKKQLRENAEDMGNGCFKIYHKCDNACIGSIRNGTYDHDVYRDEALNNRFQIKGVELKSGYKDWILWISFAISCFLLCVALLGFIMWACQKGNIRCNICI,566,OrganismalFitness,C6KNH7_9INFA,large_globular,0.1979,0.1173,0.4632,
PABP_YEAST_Melamed_2013,PABP_YEAST,MADITDKTAEQLENLNIQDDQKQAATGSESQSVENSSASLYVGDLEPSVSEAHLYDIFSPIGSVSSIRVCRDAITKTSLGYAYVNFNDHEAGRKAIEQLNYTPIKGRLCRIMWSQRDPSLRKKGSGNIFIKNLHPDIDNKALYDTFSVFGDILSSKIATDENGKSKGFGFVHFEEEGAAKEAIDALNGMLLNGQEIYVAPHLSRKERDSQLEETKAHYTNLYVKNINSETTDEQFQELFAKFGPIVSASLEKDADGKLKGFGFVNYEKHEDAVKAVEALNDSELNGEKLYVGRAQKKNERMHVLKKQYEAYRLEKMAKYQGVNLFVKNLDDSVDDEKLEEEFAPYGTITSAKVMRTENGKSKGFGFVCFSTPEEATKAITEKNQQIVAGKPLYVAIAQRKDVRRSQLAQQIQARNQMRYQQATAAAAAAAAGMPGQFMPPMFYGVMPPRGVPFNGPNPQQMNPMGGMPKNGMPPQFRNGPVYGVPPQGGFPRNANDNNQFYQQKQRQALGEQLYKKVSAKTSNEEAAGKITGMILDLPPQEVFPLLESDELFEQHYKEASAAYESFKKEQEQQTEQA,577,OrganismalFitness,PABP_YEAST,idp_like,0.3951,0.0161,0.5844,
SHOC2_HUMAN_Kwon_2022,SHOC2_HUMAN,MSSSLGKEKDSKEKDPKVPSAKEREKEAKASGGFGKESKEKEPKTKGKDAKDGKKDSSAAQPGVAFSVDNTIKRPNPAPGTRKKSSNAEVIKELNKCREENSMRLDLSKRSIHILPSSIKELTQLTELYLYSNKLQSLPAEVGCLVNLMTLALSENSLTSLPDSLDNLKKLRMLDLRHNKLREIPSVVYRLDSLTTLYLRFNRITTVEKDIKNLSKLSMLSIRENKIKQLPAEIGELCNLITLDVAHNQLEHLPKEIGNCTQITNLDLQHNELLDLPDTIGNLSSLSRLGLRYNRLSAIPRSLAKCSALEELNLENNNISTLPESLLSSLVKLNSLTLARNCFQLYPVGGPSQFSTIYSLNMEHNRINKIPFGIFSRAKVLSKLNMKDNQLTSLPLDFGTWTSMVELNLATNQLTKIPEDVSGLVSLEVLILSNNLLKKLPHGLGNLRKLRELDLEENKLESLPNEIAYLKDLQKLVLTNNQLTTLPRGIGHLTNLTHLGLGENLLTHLPEEIGTLENLEELYLNDNPNLHSLPFELALCSKLSIMSIENCPLSHLPPQIVAGGPSFIIQFLKMQGPYRAMV,582,OrganismalFitness,SHOC2_HUMAN,large_globular,0.3058,0.1274,0.1805,
TCRG1_MOUSE_Tsuboyama_2023_1E0L,TCRG1_MOUSE,GATAVSEWTEYKTADGKTYYYNNRTLESTWEKPQELK,37,Stability,TCRG1_MOUSE,small_globular,0.2703,-0.2003,1.0000,foldindex_global:-0.200<-0.20
PIN1_HUMAN_Tsuboyama_2023_1I6C,PIN1_HUMAN,KLPPGWEKRMSRSSGRVYYFNHITNASQWERPSGNSSSG,39,Stability,PIN1_HUMAN,small_globular,0.5641,-0.2491,1.0000,foldindex_global:-0.249<-0.20
YNZC_BACSU_Tsuboyama_2023_2JVD,YNZC_BACSU,MISNAKIARINELAAKAKAGVITEEEKAEQQKLRQEYLK,39,Stability,YNZC_BACSU,small_globular,0.5641,-0.0161,1.0000,
SQSTM_MOUSE_Tsuboyama_2023_2RRU,SQSTM_MOUSE,RLIESLSQMLSMGFSDEGGWLTRLLQTKNYDIGAALDTIQ,40,Stability,SQSTM_MOUSE,small_globular,0.0000,0.1667,0.0000,
VG08_BPP22_Tsuboyama_2023_2GP8,VG08_BPP22,ITGDVSAANKDAIRKQMDAAASKGDVETYRKLKAKLKGIR,40,Stability,VG08_BPP22,small_globular,0.3750,-0.0908,1.0000,
MAFG_MOUSE_Tsuboyama_2023_1K1V,MAFG_MOUSE,LTDEELVTMSVRELNQHLRGLSKEEIIQLKQRRRTLKNRGY,41,Stability,MAFG_MOUSE,small_globular,0.2927,-0.1358,1.0000,
THO1_YEAST_Tsuboyama_2023_2WQG,THO1_YEAST,SADYSSLTVVQLKDLLTKRNLSVGGLKNEWVQRLIKDDEES,41,Stability,THO1_YEAST,small_globular,0.1707,0.0526,0.0000,
OTU7A_HUMAN_Tsuboyama_2023_2L2D,OTU7A_HUMAN,TLDMDAVLSDFVRSTGAEPGLARDLLEGKNWDLTAALSDYEQ,42,Stability,OTU7A_HUMAN,small_globular,0.1190,0.0088,0.0000,
SAV1_MOUSE_Tsuboyama_2023_2YSB,SAV1_MOUSE,GEDLPLPPGWSVDWTMRGRKYYIDHNTNTTHWSHPLESGPSSG,43,Stability,SAV1_MOUSE,small_globular,0.4884,-0.1440,1.0000,
ODP2_GEOSE_Tsuboyama_2023_1W4G,ODP2_GEOSE,NRRVIAMPSVRKWAREKGVDIRLVQGTGKNGRVLKEDIDAFLAG,44,Stability,ODP2_GEOSE,small_globular,0.1364,-0.0044,1.0000,
RD23A_HUMAN_Tsuboyama_2023_1IFY,RD23A_HUMAN,SEYETMLTEIMSMGYERERVVAALRASYNNPHRAVEYLLTGIPG,44,Stability,RD23A_HUMAN,small_globular,0.0227,0.1004,0.0000,
SDA_BACSU_Tsuboyama_2023_1PV0,SDA_BACSU,MRKLSDELLIESYFKATEMNLNRDFIELIENEIKRRSLGHIISV,44,Stability,SDA_BACSU,small_globular,0.0000,0.1358,0.0000,
AMFR_HUMAN_Tsuboyama_2023_4G3O,AMFR_HUMAN,YFQGQLNAMAHQIQEMFPQVPYHLVLQDLQLTRSVEITTDNILEGRI,47,Stability,AMFR_HUMAN,small_globular,0.0000,0.1283,0.0000,
SR43C_ARATH_Tsuboyama_2023_2N88,SR43C_ARATH,AVAESVIGKRVGDDGKTIEYLVKWTDMSDATWEPQDNVDSTLVLLYQQ,48,Stability,SR43C_ARATH,small_globular,0.0417,0.0252,0.0000,
CBX4_HUMAN_Tsuboyama_2023_2K28,CBX4_HUMAN,AVESIEKKRIRKGRVEYLVKWRGWSPKYNTWEPEENILDPRLLIAFQNRE,50,Stability,CBX4_HUMAN,small_globular,0.3800,-0.1249,1.0000,
BCHB_CHLTE_Tsuboyama_2023_2KRU,BCHB_CHLTE,ELSWTAEAEKMLGKVPFFVRKKVRKNTDNYAREIGEPVVTADVFRKAKEHLG,52,Stability,BCHB_CHLTE,small_globular,0.3462,-0.0102,1.0000,
CUE1_YEAST_Tsuboyama_2023_2MYX,CUE1_YEAST,GGHPVTTQMVETVQNLAPNLHPEQIRYSLENTGSVEETVERYLRGDEFSFPP,52,Stability,CUE1_YEAST,small_globular,0.6923,-0.0748,1.0000,disorder_fraction:0.692>0.6
PITX2_HUMAN_Tsuboyama_2023_2L7M,PITX2_HUMAN,THFTSQQLQELEATFQRNHYPDMSTREEIAVWTNLTEARVRVWFKNRRAKWR,52,Stability,PITX2_HUMAN,small_globular,0.0962,-0.1530,1.0000,
RBP1_HUMAN_Tsuboyama_2023_2KWH,RBP1_HUMAN,ETQAGIKEEIRRQEFLLNSLHRDLQGGIKDLSKEERLWEVQRILTALKRKLR,52,Stability,RBP1_HUMAN,small_globular,0.3269,-0.0870,1.0000,
YAIA_ECOLI_Tsuboyama_2023_2KVT,YAIA_ECOLI,PREAYIVTIEKGKPGQTVTWYQLRADHPKPDSLISEHPTAQEAMDAKKRYED,52,Stability,YAIA_ECOLI,small_globular,0.6538,-0.1288,1.0000,disorder_fraction:0.654>0.6
POLG_PESV_Tsuboyama_2023_2MXD,POLG_PESV,ALRDDEYDEWQDIIRDWRKEMTVQQFLDLKERALSGASDPDSQRYNAWLELRA,53,Stability,POLG_PESV,small_globular,0.1509,-0.1944,1.0000,
RAD_ANTMA_Tsuboyama_2023_2CJJ,RAD_ANTMA,PWSAKENKAFERALAVYDKDTPDRWANVARAVEGRTPEEVKKHYEILVEDIKYI,54,Stability,RAD_ANTMA,small_globular,0.4259,-0.0389,1.0000,
DN7A_SACS2_Tsuboyama_2023_1JIC,DN7A_SACS2,TVKFKYKGEEKQVDISKIKKVWRVGKMISFTYDEGGGKTGRGAVSEKDAPKELLQ,55,Stability,DN7A_SACS2,small_globular,0.6000,-0.1088,1.0000,
HCP_LAMBD_Tsuboyama_2023_2L6Q,HCP_LAMBD,VRQEELAAARAALHDLMTGKRVATVQKDGRRVEFTATSVSDLKKYIAELEVQTGM,55,Stability,HCP_LAMBD,small_globular,0.1455,0.1237,0.0000,
ISDH_STAAW_Tsuboyama_2023_2LHR,ISDH_STAAW,YNLQKLLAPYHKAKTLERQVYELEKLQEKLPEKYKAEYKKKLDQTRVELADQVKS,55,Stability,ISDH_STAAW,small_globular,0.8000,-0.1997,1.0000,disorder_fraction:0.800>0.6
NUSG_MYCTU_Tsuboyama_2023_2MI6,NUSG_MYCTU,DYEVGESVTVMDGPFATLPATISEVNAEQQKLKVLVSIFGRETPVELTFGQVSKI,55,Stability,NUSG_MYCTU,small_globular,0.2545,0.1992,0.0000,
RFAH_ECOLI_Tsuboyama_2023_2LCL,RFAH_ECOLI,ATPYPGDKVIITEGAFEGFQAIFTEPDGEARSMLLLNLINKEIKHSVKNTEFRKL,55,Stability,RFAH_ECOLI,small_globular,0.2727,0.1355,0.0000,
SBI_STAAM_Tsuboyama_2023_2JVG,SBI_STAAM,VRHDERVKSANDAISKLNEKDSIENRRLAQREVNKAPMDVKEHLQKQLDALVAQKD,56,Stability,SBI_STAAM,small_globular,0.8393,-0.1355,1.0000,disorder_fraction:0.839>0.6
VRPI_BPT7_Tsuboyama_2023_2WNM,VRPI_BPT7,SLSVDNKKFWATVESSEHSFEVPIYAETLDEALELAEWQYVPAGFEVTRVRPCVAP,56,Stability,VRPI_BPT7,small_globular,0.3750,0.0874,0.0000,
RCD1_ARATH_Tsuboyama_2023_5OAO,RCD1_ARATH,PTLFAAISHKVAENDMLLINADYQQLRDKKMTRAEFVRKLRVIVGDDLLRSTITTLQ,57,Stability,RCD1_ARATH,small_globular,0.0000,0.1624,0.0000,
SOX30_HUMAN_Tsuboyama_2023_7JJK,SOX30_HUMAN,RPMNAFMVWARIHRPALAKANPAANNAEISVQLGLEWNKLSEEQKKPYYDEAQKIKE,57,Stability,SOX30_HUMAN,small_globular,0.5088,-0.0406,0.5714,
UBR5_HUMAN_Tsuboyama_2023_1I2T,UBR5_HUMAN,HRQALGERLYPRVQAMQPAFASKITGMLLELSPAQLLLLLASEDSLRARVDEAMELII,58,Stability,UBR5_HUMAN,small_globular,0.1552,0.2856,0.0000,
RL20_AQUAE_Tsuboyama_2023_1GYZ,RL20_AQUAE,WIARINAAVRAYGLNYSTFINGLKKAGIELDRKILADMAVRDPQAFEQVVNKVKEALQV,59,Stability,RL20_AQUAE,small_globular,0.1864,0.1886,0.0000,
TNKS2_HUMAN_Tsuboyama_2023_5JRT,TNKS2_HUMAN,FSITQFVRNLGLEHLMDIFEREQITLRVLVEMGHKELKEIGINAYGHREKLIKGVERLI,59,Stability,TNKS2_HUMAN,small_globular,0.1017,0.2100,0.0000,
SPTN1_CHICK_Tsuboyama_2023_1TUD,SPTN1_CHICK,RQGFVPAAYVKKLDSGTGKELVLALYDYQEKSPREVTMKKGDILTLLNSTNKDWWKVEVN,60,Stability,SPTN1_CHICK,small_globular,0.2333,0.0277,0.1000,
MYO3_YEAST_Tsuboyama_2023_2BTT,MYO3_YEAST,KDPKFEAAYDFPGSGSSSELPLKKGDIVFISRDEPSGWSLAKLLDGSKEGWVPTAYMTPYK,61,Stability,MYO3_YEAST,small_globular,0.4590,0.0481,0.0000,
NKX31_HUMAN_Tsuboyama_2023_2L9R,NKX31_HUMAN,HSHMSHTQVIELERKFSHQKYLSAPERAHLAKNLKLTETQVKIWFQNRRYKTKRKQLSSEL,61,Stability,NKX31_HUMAN,small_globular,0.5574,-0.2321,1.0000,foldindex_global:-0.232<-0.20
RPC1_BP434_Tsuboyama_2023_1R69,RPC1_BP434,SISSRVKSKRIQLGLNQAELAQKVGTTQQSIEQLENGKTKRPRFLPELASALGVSVDWLLN,61,Stability,RPC1_BP434,small_globular,0.4754,0.0471,0.5455,
PR40A_HUMAN_Tsuboyama_2023_1UZC,PR40A_HUMAN,TYTWNTKEEAKQAFKELLKEKRVPSNASWEQAMKMIINDPRYSALAKLSEKKQAFNAYKVQTE,63,Stability,PR40A_HUMAN,small_globular,0.4762,-0.1290,1.0000,
RS15_GEOSE_Tsuboyama_2023_1A32,RS15_GEOSE,SPEVQIAILTEQINNLNEHLRVHKKDHHSRRGLLKMVGKRRRLLAYLRNKDVARYREIVEKLG,63,Stability,RS15_GEOSE,small_globular,0.2540,-0.1281,1.0000,
BBC1_YEAST_Tsuboyama_2023_1TG0,BBC1_YEAST,EVPFKVVAQFPYKSDYEDDLNFEKDQEIIVTSVEDAEWYFGEYQDSNGDVIEGIFPKSFVAVQG,64,Stability,BBC1_YEAST,small_globular,0.1562,-0.0653,1.0000,
DNJA1_HUMAN_Tsuboyama_2023_2LO1,DNJA1_HUMAN,TTYYDVLGVKPNATQEELKKAYRKLALKYHPDKNPNEGEKFKQISQAYEVLSDAKKRELYDKGGE,65,Stability,DNJA1_HUMAN,small_globular,0.7538,-0.1739,1.0000,disorder_fraction:0.754>0.6
OBSCN_HUMAN_Tsuboyama_2023_1V1C,OBSCN_HUMAN,FDIYVVTADYLPLGAEQDAITLREGQYVEVLDAAHPLRWLVRTKPTKSSPSRQGWVSPAYLDRRL,65,Stability,OBSCN_HUMAN,small_globular,0.3231,0.1439,0.0667,
VILI_CHICK_Tsuboyama_2023_1YU5,VILI_CHICK,KLETFPLDVLVNTAAEDLPRGVDPSRKENHLSDEDFKAVFGMTRSAFANLPLWKQQNLKKEKGLF,65,Stability,VILI_CHICK,small_globular,0.3846,0.0649,0.4000,
DOCK1_MOUSE_Tsuboyama_2023_2M0Y,DOCK1_MOUSE,WVPTKREEKYGVAFYNYDARGADELSLQIGDTVHILETYEGWYRGYTLRKKSKKGIFPASYIHLKE,66,Stability,DOCK1_MOUSE,small_globular,0.1818,-0.0209,0.5000,
MBD11_ARATH_Tsuboyama_2023_6ACV,MBD11_ARATH,VSVELPAPSSWKKLFYPNKVGSVKKTEVVFVAPTGEEISNRKQLEQYLKSHPGNPAIAEFDWTTSG,66,Stability,MBD11_ARATH,small_globular,0.7273,0.0773,0.5625,disorder_fraction:0.727>0.6
SRBS1_HUMAN_Tsuboyama_2023_2O2W,SRBS1_HUMAN,GIDPFTGEAIAKFNFNGDTQVEMSFRKGERITLLRQVDENWYEGRIPGTSRQGIFPITYVDVIKRPL,67,Stability,SRBS1_HUMAN,small_globular,0.0149,0.1039,0.2353,
PSAE_PICP2_Tsuboyama_2023_1PSE,PSAE_PICP2,AIERGSKVKILRKESYWYGDVGTVASIDKSGIIYPVIVRFNKVNYNGFSGSAGGLNTNNFAEHELEVV,68,Stability,PSAE_PICP2,small_globular,0.1176,0.1758,0.0000,
ARGR_ECOLI_Tsuboyama_2023_1AOY,ARGR_ECOLI,QEELVKAFKALLKEEKFSSQGEIVAALQEQGFDNINQSKVSRMLTKFGAVRTRNAKMEMVYCLPAELGV,69,Stability,ARGR_ECOLI,small_globular,0.2609,0.1526,0.0526,
FKBP3_HUMAN_Tsuboyama_2023_2KFV,FKBP3_HUMAN,VPQRAWTVEQLRSEQLPKKDIIKFLQEHGSDSFLAEHKLLGNIKNVAKTANKDHLVTAYNHLFETKRFK,69,Stability,FKBP3_HUMAN,small_globular,0.3188,-0.0313,0.2105,
NUSA_ECOLI_Tsuboyama_2023_1WCL,NUSA_ECOLI,EAHAAIDTFTKYLDIDEDFATVLVEEGFSTLEELAYVPMKELLEIEGLDEPTVEALRERAKNALATIAQ,69,Stability,NUSA_ECOLI,small_globular,0.2899,0.0465,0.5263,
UBE4B_HUMAN_Tsuboyama_2023_3L1X,UBE4B_HUMAN,DAPDEFRDPLMDTLMTDPVRLPSGTIMDRSIILRHLLNSPTDPFNRQTLTESMLEPVPELKEQIQAWMR,69,Stability,UBE4B_HUMAN,small_globular,0.3913,0.0085,0.0526,
ILF3_HUMAN_Tsuboyama_2023_2L33,ILF3_HUMAN,MLTKHGKNPVMELNEKRRGLKYELISETGGSHDKRFVMEVEVDGQKFQGAGSNKKVAKAYAALAALEKLFP,71,Stability,ILF3_HUMAN,small_globular,0.4507,0.0043,0.7619,
PKN1_HUMAN_Tsuboyama_2023_1URF,PKN1_HUMAN,GIPATNLSRVAGLEKQLAIELKVKQGAENMIQTYSNGSTKDRKLLLTAQQMLQDSKTKIDIIRMQLRRALQ,71,Stability,PKN1_HUMAN,small_globular,0.0845,0.0236,0.4286,
CATR_CHLRE_Tsuboyama_2023_2AMI,CATR_CHLRE,GLTEEQKQEIREAFDLFDTDGSGTIDAKELKVAMRALGFEPKKEEIKKMISEIDKDGSGTIDFEEFLTMMTA,72,Stability,CATR_CHLRE,small_globular,0.4583,-0.0415,0.6818,
CSN4_MOUSE_Tsuboyama_2023_1UFM,CSN4_MOUSE,SSGGSSILDRAVIEHNLLSASKLYNNITFEELGALLEIPAAKAEKIASQMITEGRMNGFIDQIDGIVHFETR,72,Stability,CSN4_MOUSE,small_globular,0.1389,0.1847,0.0000,
FECA_ECOLI_Tsuboyama_2023_2D1U,FECA_ECOLI,QVNIAPGSLDKALNQYAAHSGFTLSVDASLTRGKQSNGLHGDYDVESGLQQLLDGSGLQVKPLGNNSWTLEP,72,Stability,FECA_ECOLI,small_globular,0.1389,0.0662,0.0000,
HECD1_HUMAN_Tsuboyama_2023_3DKM,HECD1_HUMAN,NLYFQGLKYMVPGARVTRGLDWKWRDQDGSPQGEGTVTGELHNGWIDVTWDAGGSNSYRMGAEGKFDLKLAP,72,Stability,HECD1_HUMAN,small_globular,0.2222,0.0089,1.0000,
