protein_id,uniprot_id,sequence,length,selection_type,source_pdb_id,expected_class,expected_pass_rate,num_samples,batch_index,memory_gb,sbatch_time_hours
GCN4_YEAST_Staller_2018,GCN4_YEAST,MSEYQPSLFALNPMGFSPLDGSKSTNENVSASTSTAKPMVGQLIFDKFIKTEEDPIIKQDTPSNLDFDFALPQTATAPDAKTVLPIPELDDAVVESFFSSSTDSTPMFEYENLEDNSKEWTSLFDNDIPVTTDDVSLADKAIESTEEVSLVPSNLEVSTTSFLPTPVLEDAKLTQTRKVKKPNSVVKKSHHVGKDDESRLDHLGVVAYNRKQRSIPLSPIVPESSDPAALKRARNTEAARRSRARKLQRMKQLEDKVEELLSKNYHLENEVARLKKLVGER,281,Binding,GCN4_YEAST,idp_like,0.21,14000,1,40,2
CD19_HUMAN_Klesmith_2019_FMC_singles,CD19_HUMAN,MPPPRLLFFLLFLTPMEVRPEEPLVVKVEEGDNAVLQCLKGTSDGPTQQLTWSRESPLKPFLKLSLGLPGLGIHMRPLAIWLFIFNVSQQMGGFYLCQPGPPSEKAWQPGWTVNVEGSGELFRWNVSDLGGLGCGLKNRSSEGPSSPSGKLMSPKLYVWAKDRPEIWEGEPPCLPPRDSLNQSLSQDLTMAPGSTLWLSCGVPPDSVSRGPLSWTHVHPKGPKSLLSLELKDDRPARDMWVMETGLLLPRATAQDAGKYYCHRGNLTMSFHLEITARPVLWHWLLRTGGWKVSAVTLAYLIFCLCSLVGILHLQRALVLRRKRKRMTDPTRRFFKVTPPPGSGPQNQYGNVLSLPTPTSGLGRAQRWAAGLGGTAPSYGNPSSDVQADGALGSRSPPGVGPEEEEGEGYEEPDSEEDSEFYENDSNLGQDQLSQDGSGYENPEDEPLGPEDEDSFSNAESYENEDEELTQPVARTMDFLSPHGSAWDPSREATSLGSQSYEDMRGILYAAPQLRSIRGQPGPNHEEDADSYENMDNPDGPDPAWGGGGRMGTWSTR,556,Binding,CD19_HUMAN,idp_like,0.47,6500,1,40,2
A0A1I9GEU1_NEIME_Kennouche_2019,A0A1I9GEU1_NEIME,FTLIELMIVIAIVGILAAVALPAYQDYTARAQVSEAILLAEGQKSAVTEYYLNHGEWPGDNSSAGVATSADIKGKYVQSVTVANGVITAQMASSNVNNEIKSKKLSLWAKRQNGSVKWFCGQPVTRTTATATDVAAANGKTDDKINTKHLPSTCRDDSSAS,161,Activity,A0A1I9GEU1_NEIME,structured_globular,0.85,3400,1,24,1
AICDA_HUMAN_Gajula_2014_3cycles,AICDA_HUMAN,MDSLLMNRRKFLYQFKNVRWAKGRRETYLCYVVKRRDSATSFSLDFGYLRNKNGCHVELLFLRYISDWDLDPGRCYRVTWFTSWSPCYDCARHVADFLRGNPNLSLRIFTARLYFCEDRKAEPEGLRRLHRAGVQIAIMTFKDYFYCWNTFVENHERTFKAWEGLHENSVRLSRQLRRILLPLYEVDDLRDAFRTLGL,198,Activity,AICDA_HUMAN,structured_globular,0.92,2827,1,24,1
D7PM05_CLYGR_Somermeyer_2022,D7PM05_CLYGR,MTALTEGAKLFEKEIPYITELEGDVEGMKFIIKGEGTGDATTGTIKAKYICTTGDLPVPWATILSSLSYGVFCFAKYPRHIADFFKSTQPDGYSQDRIISFDNDGQYDVKAKVTYENGTLYNRVTVKGTGFKSNGNILGMRVLYHSPPHAVYILPDRKNGGMKIEYNKAFDVMGGGHQMARHAQFNKPLGAWEEDYPLYHHLTVWTSFGKDPDDDETDHLTIVEVIKAVDLETYR,235,Activity,D7PM05_CLYGR,structured_globular,0.92,2827,1,24,1
RPC1_LAMBD_Li_2019_high-expression,RPC1_LAMBD,MSTKKKPLTQEQLEDARRLKAIYEKKKNELGLSQESVADKMGMGQSGVGALFNGINALNAYNAALLAKILKVSVEEFSPSIAREIYEMYEAVSMQPSLRSEYEYPVFSHVQAGMFSPELRTFTKGDAERWVSTTKKASDSAFWLEVEGNSMTAPTGSKPSFPDGMLILVDPEQAVEPGDFCIARLGGDEFTFKKLIRDSGQVFLQPLNPQYPMIPCNESCSVVGKVIASQWPEETFG,237,Activity,RPC1_LAMBD,idp_like,0.47,5532,1,40,1
Q8WTC7_9CNID_Somermeyer_2022,Q8WTC7_9CNID,MSKGEELFTGIVPVLIELDGDVHGHKFSVRGEGEGDADYGKLEIKFICTTGKLPVPWPTLVTTLSYGILCFARYPEHMKMNDFFKSAMPEGYIQERTIFFQDDGKYKTRGEVKFEGDTLVNRIELKGMDFKEDGNILGHKLEYNFNSHNVYIMPDKANNGLKVNFKIRHNIEGGGVQLADHYQTNVPLGDGPVLIPINHYLSCQTAISKDRNETRDHMVFLEFFSACGHTHGMDELYK,238,Activity,Q8WTC7_9CNID,structured_globular,0.92,2827,1,24,1
OTC_HUMAN_Lo_2023,OTC_HUMAN,MLFNLRILLNNAAFRNGHNFMVRNFRCGQPLQNKVQLKGRDLLTLKNFTGEEIKYMLWLSADLKFRIKQKGEYLPLLQGKSLGMIFEKRSTRTRLSTETGFALLGGHPCFLTTQDIHLGVNESLTDTARVLSSMADAVLARVYKQSDLDTLAKEASIPIINGLSDLYHPIQILADYLTLQEHYSSLKGLTLSWIGDGNNILHSIMMSAAKFGMHLQAATPKGYEPDASVTKLAEQYAKENGTKLLLTNDPLEAAHGGNVLITDTWISMGQEEEKKKRLQAFQGYQVTMKTAKVAASDWTFLHCLPRKPEEVDDEVFYSPRSLVFPEAENRKWTIMAVMVSLLTDYSPQLQKPKF,354,Activity,OTC_HUMAN,structured_globular,0.92,2827,1,40,1
HEM3_HUMAN_Loggerenberg_2023,HEM3_HUMAN,MSGNGNAAATAEENSPKMRVIRVGTRKSQLARIQTDSVVATLKASYPGLQFEIIAMSTTGDKILDTALSKIGEKSLFTKELEHALEKNEVDLVVHSLKDLPTVLPPGFTIGAICKRENPHDAVVFHPKFVGKTLETLPEKSVVGTSSLRRAAQLQRKFPHLEFRSIRGNLNTRLRKLDEQQEFSAIILATAGLQRMGWHNRVGQILHPEECMYAVGQGALGVEVRAKDQDILDLVGVLHDPETLLRCIAERAFLRHLEGGCSVPVAVHTAMKDGQLYLTGGVWSLDGSDSIQETMQATIHVPAQHEDGPEDDPQLVGITARNIPRGPQLAAQNLGISLANLLLSKGAKNILDVARQLNDAH,361,Activity,HEM3_HUMAN,structured_globular,0.92,2827,1,40,1
OXDA_RHOTO_Vanella_2023_activity,OXDA_RHOTO,HSQKRVVVLGSGVIGLSSALILARKGYSVHILARDLPEDVSSQTFASPWAGANWTPFMTLTDGPRQAKWEESTFKKWVELVPTGHAMWLKGTRRFAQNEDGLLGHWYKDITPNYRPLPSSECPPGAIGVTYDTLSVHAPKYCQYLARELQKLGATFERRTVTSLEQAFDGADLVVNATGLGAKSIAGIDDQAAEPIRGQTVLVKSPCKRCTMDSSDPASPAYIIPRPGGEVICGGTYGVGDWDLSVNPETVQRILKHCLRLDPTISSDGTIEGIEVLRHNVGLRPARRGGPRVEAERIVLPLDRTKSPLSLGRGSARAAKEKEVTLVHAYGFSSAGYQQSWGAAEDVAQLVDEAFQRYHGAARE,364,Activity,OXDA_RHOTO,structured_globular,0.86,3500,1,40,1
KCNJ2_MOUSE_Coyote-Maestas_2022_function,KCNJ2_MOUSE,MGSVRTNRYSIVSSEEDGMKLATMAVANGFGNGKSKVHTRQQCRSRFVKKDGHCNVQFINVGEKGQRYLADIFTTCVDIRWRWMLVIFCLAFVLSWLFFGCVFWLIALLHGDLDTSKVSKACVSEVNSFTAAFLFSIETQTTIGYGFRCVTDECPIAVFMVVFQSIVGCIIDAFIIGAVMAKMAKPKKRNETLVFSHNAVIAMRDGKLCLMWRVGNLRKSHLVEAHVRAQLLKSRITSEGEYIPLDQIDINVGFDSGIDRIFLVSPITIVHEIDEDSPLYDLSKQDIDNADFEIVVILEGMVEATAMTTQCRSSYLANEILWGHRYEPVLFEEKHYYKVDYSRFHKTYEVPNTPLCSARDLAEKKYILSNANSFCYENEVALTSKEEEEDSENGVPESTSTDSPPGIDLHNQASVPLEPRPLRRESEI,428,Activity,KCNJ2_MOUSE,large_globular_long,0.60,4334,2,40,2
LGK_LIPST_Klesmith_2015,LGK_LIPST,MPIATSTGDNVLDFTVLGLNSGTSMDGIDCALCHFYQKTPDAPMEFELLEYGEVPLAQPIKQRVMRMILEDTTSPSELSEVNVILGEHFADAVRQFAAERNVDLSTIDAIASHGQTIWLLSMPEEGQVKSALTMAEGAIIAARTGITSITDFRISDQAAGRQGAPLIAFFDALLLHHPTKLRACQNIGGIANVCFIPPDVDGRRTDEYYDFDTGPGNVFIDAVVRHFTNGEQEYDKDGAMGKRGKVDQELVDDFLKMPYFQLDPPKTTGREVFRDTLAHDLIRRAEAKGLSPDDIVATTTRITAQAIVDHYRRYAPSQEIDEIFMCGGGAYNPNIVEFIQQSYPNTKIMMLDEAGVPAGAKEAITFAWQGMECLVGRSIPVPTRVETRQHYVLGKVSPGLNYRSVMKKGMAFGGDAQQLPWVSEMIVKKKGKVITNNWA,439,Activity,LGK_LIPST,large_globular_long,0.60,4334,2,40,2
Q59976_STRSQ_Romero_2015,Q59976_STRSQ,MVPAAQQTAMAPDAALTFPEGFLWGSATASYQIEGAAAEDGRTPSIWDTYARTPGRVRNGDTGDVATDHYHRWREDVALMAELGLGAYRFSLAWPRIQPTGRGPALQKGLDFYRRLADELLAKGIQPVATLYHWDLPQELENAGGWPERATAERFAEYAAIAADALGDRVKTWTTLNEPWCSAFLGYGSGVHAPGRTDPVAALRAAHHLNLGHGLAVQALRDRLPADAQCSVTLNIHHVRPLTDSDADADAVRRIDALANRVFTGPMLQGAYPEDLVKDTAGLTDWSFVRDGDLRLAHQKLDFLGVNYYSPTLVSEADGSGTHNSDGHGRSAHSPWPGADRVAFHQPPGETTAMGWAVDPSGLYELLRRLSSDFPALPLVITENGAAFHDYADPEGNVNDPERIAYVRDHLAAVHRAIKDGSDVRGYFLWSLLDNFEWAHGYSKRFGAVYVDYPTGTRIPKASARWYAEVARTGVLPTAGDPNSSSVDKLAAALEHHHHHH,501,Activity,Q59976_STRSQ,large_globular_long,0.60,4334,2,40,2
PPARG_HUMAN_Majithia_2016,PPARG_HUMAN,MGETLGDSPIDPESDSFTDTLSANISQEMTMVDTEMPFWPTNFGISSVDLSVMEDHSHSFDIKPFTTVDFSSISTPHYEDIPFTRTDPVVADYKYDLKLQEYQSAIKVEPASPPYYSEKTQLYNKPHEEPSNSLMAIECRVCGDKASGFHYGVHACEGCKGFFRRTIRLKLIYDRCDLNCRIHKKSRNKCQYCRFQKCLAVGMSHNAIRFGRMPQAEKEKLLAEISSDIDQLNPESADLRALAKHLYDSYIKSFPLTKAKARAILTGKTTDKSPFVIYDMNSLMMGEDKIKFKHITPLQEQSKEVAIRIFQGCQFRSVEAVQEITEYAKSIPGFVNLDLNDQVTLLKYGVHEIIYTMLASLMNKDGVLISEGQGFMTREFLKSLRKPFGDFMEPKFEFAVKFNALELDDSDLAIFIAVIILSGDRPGLLNVKPIEDIQDNLLQALELQLKLNHPESSQLFAKLLQKMTDLRQIVTEHVQLLQVIKKTETDMSLHPLLQEIYKDLY,505,Activity,PPARG_HUMAN,large_globular_long,0.60,4334,2,40,2
SRC_HUMAN_Ahler_2019,SRC_HUMAN,MGSNKSKPKDASQRRRSLEPAENVHGAGGGAFPASQTPSKPASADGHRGPSAAFAPAAAEPKLFGGFNSSDTVTSPQRAGPLAGGVTTFVALYDYESRTETDLSFKKGERLQIVNNTEGDWWLAHSLSTGQTGYIPSNYVAPSDSIQAEEWYFGKITRRESERLLLNAENPRGTFLVRESETTKGAYCLSVSDFDNAKGLNVKHYKIRKLDSGGFYITSRTQFNSLQQLVAYYSKHADGLCHRLTTVCPTSKPQTQGLAKDAWEIPRESLRLEVKLGQGCFGEVWMGTWNGTTRVAIKTLKPGTMSPEAFLQEAQVMKKLRHEKLVQLYAVVSEEPIYIVTEYMSKGSLLDFLKGETGKYLRLPQLVDMAAQIASGMAYVERMNYVHRDLRAANILVGENLVCKVADFGLARLIEDNEYTARQGAKFPIKWTAPEAALYGRFTIKSDVWSFGILLTELTTKGRVPYPGMVNREVLDQVERGYRMPCPPECPESLHDLMCQCWRKEPEERPTFEYLQAFLEDYFTSTEPQYQPGENL,536,Activity,SRC_HUMAN,large_globular_long,0.60,4334,2,40,2
S22A1_HUMAN_Yee_2023_activity,S22A1_HUMAN,PTVDDILEQVGESGWFQKQAFLILCLLSAAFAPICVGIVFLGFTPDHHCQSPGVAELSQRCGWSPAEELNYTVPGLGPAGEAFLGQCRRYEVDWNQSALSCVDPLASLATNRSHLPLGPCQDGWVYDTPGSSIVTEFNLVCADSWKLDLFQSCLNAGFLFGSLGVGYFADRFGRKLCLLGTVLVNAVSGVLMAFSPNYMSMLLFRLLQGLVSKGNWMAGYTLITEFVGSGSRRTVAIMYQMAFTVGLVALTGLAYALPHWRWLQLAVSLPTFLFLLYYWCVPESPRWLLSQKRNTEAIKIMDHIAQKNGKLPPADLKMLSLEEDVTEKLSPSFADLFRTPRLRKRTFILMYLWFTDSVLYQGLILHMGATSGNLYLDFLYSALVEIPGAFIALITIDRVGRIYPMAMSNLLAGAACLVMIFISPDLHWLNIIIMCVGRMGITIAIQMICLVNAELYPTFVRNLGVMVCSSLCDIGGIITPFIVFRLREVWQALPLILFAVLGLLAAGVTLLLPETKGVALPETMKDAENLGRKAKPKENTIYLKVQTSEPSGT,553,Activity,S22A1_HUMAN,large_globular_long,0.60,4334,2,40,2
Q837P5_ENTFA_Meier_2023,Q837P5_ENTFA,MDLIIQHAKKYKGSVVIALLAVIVMVVSALWQPKLLQQVLEAIMNDDSDKMKNLGIQLIAIAGLGLVAGVINTIFSAKVAQGVSADIREATFRKIQTFSFGNIEKFSAGNLVVRLTNDVTQIQNVIMIALQTLFRIPFLFIGSFILAMLTLPQLWWVIVALVIAVILISMLSFSQMGKHFMIIQNLIDKINGIAKENLLGIRVVKSFVQEKNQLSRFTKVSEELTTHNLIVGSLFAVMIPAFMLVANLAVVGSIFFVSNLVKDDPTLIGGVASFMNYLMQIMMAIIIGGMMMMMTSRAAVSIKRIKEVMETEPDVTYKKVPEQELIGSVEFDHVSFRYPGDEEDTLKDISFSIQPGEMIGIVGATGAGKSTLAQLIPRLFDPTEGKIEVGGVDLREVNEHSLRKTVSFVLQKAILFSGTIAQNLRHGKRDASEADMERASGIAQAKEFIEKLAEGYDAPVEERSNNFSGGQKQRLSITRGVIGEPKILILDDSTSALDARSERLVREALDKELKETTTIVIAQKISSVVHADRILVLDNGRLVGEGTHEELAATNPVYQEIYETQKGKEEA,571,Activity,Q837P5_ENTFA,large_globular_long,0.60,4334,2,40,2
Q837P4_ENTFA_Meier_2023,Q837P4_ENTFA,MTDLIKASKFFYHYLKRYKVSFLFIFLAIFAATYLQVKAPQFVGEAIQELAKYAVNVMQGKDDKSAFVSVIWKLLIFYVLTSAASFIYSILFTQVVGKSTNRMRIGLFNKLEKLTIRFFDSHQDGEILSRFTSDLDNIQNSLNQALLQVLTNIALLVGVLIMMFRQNVELAWATIASTPIAILIAVFVISKARKYVDLQQDEVGKLNGYMDEKISGQRVIITNGLQEETIDGFLEQNEKVRAATYKGQVYSGLLFPMMQGMSLVNTAIVIFFGGWLAINGSVDRAAALGLVVMFVQYSQQYYQPLMQISSGYSMIQLAVTGARRLNEMFDEPDEIRPENGEKLEEINKAVALNHVVFGYNPETPVLKDVSIHVDKGEMVALVGPTGSGKTTIMNLMNRFYDVNEGAVTFDGVDIREMDLDSLRSHVGIVLQESVLFSGTIRENIAFGKPEATDEEIVQAAKQANIHEFIVNLEQGYDTEITEENNLFSTGQKQLVSIARTIITNPELLILDEATSNVDTVTEAKIQKAMDEAIKGRTSFVIAHRLKTILNADRIIVLRDGEVIEEGNHHELVEQDGFYAELYKNQFVFE,589,Activity,Q837P4_ENTFA,large_globular_long,0.60,4334,2,40,2
LYAM1_HUMAN_Elazar_2016,LYAM1_HUMAN,MIFPWKCQSTQRDLWNIFKLWGWTMLCCDFLAHHGTDCWTYHYSEKPMNWQRARRFCRDNYTDLVAIQNKAEIEYLEKTLPFSRSYYWIGIRKIGGIWTWVGTNKSLTEEAENWGDGEPNNKKNKEDCVEIYIKRNKDAGKWNDDACHKLKAALCYTASCQPWSCSGHGECVEIINNYTCNCDVGYYGPQCQFVIQCEPLEAPELGTMDCTHPLGNFSFSSQCAFSCSEGTNLTGIEETTCGPFGNWSSPEPTCQVIQCEPLSAPDLGIMNCSHPLASFSFTSACTFICSEGTELIGKKKTICESSGIWSNPSPICQKLDKSFSMIKEGDYNPLFIPVAVMVTAFSGLAFIIWLARRLKKGKKSKRSMNDPY,372,Expression,LYAM1_HUMAN,structured_globular,0.92,2827,2,40,2
PRKN_HUMAN_Clausen_2023,PRKN_HUMAN,MIVFVRFNSSHGFPVEVDSDTSIFQLKEVVAKRQGVPADQLRVIFAGKELRNDWTVQNCDLDQQSIVHIVQRPWRKGQEMNATGGDDPRNAAGGCEREPQSLTRVDLSSSVLPGDSVGLAVILHTDSRKDSPPAGSPAGRSIYNSFYVYCKGPCQRVQPGKLRVQCSTCRQATLTLTQGPSCWDDVLIPNRMSGECQSPHCPGTSAEFFFKCGAHPTSDKETSVALHLIATNSRNITCITCTDVRSPVLVFQCNSRHVICLDCFHLYCVTRLNDRQFVHDPQLGYSLPCVAGCPNSLIKELHHFRILGEEQYNRYQQYGAEECVLQMGGVLCPRPGCGAGLLPEPDQRKVTCEGGNGLGCGFAFCRECKEAYHEGECSAVFEASGTTTQAYRVDERAAEQARWEAASKETIKKTTKPCPRCHVPVEKNGGCMHMKCPQPQCRLEWCWNCGCEWNRVCMGDHWFDV,465,Expression,PRKN_HUMAN,large_globular_long,0.60,4334,2,40,2
IF1_ECOLI_Kelsic_2016,IF1_ECOLI,MAKEDNIEMQGTVLETLPNTMFRVELENGHVVTAHISGKMRKNYIRILTGDKVTVELTPYDLSKGRIVFRSR,72,OrganismalFitness,IF1_ECOLI,structured_globular,0.92,2827,3,24,1
F7YBW8_MESOW_Ding_2023,F7YBW8_MESOW,MANVEKMSVAVTPQQAAVMREAVEAGEYATASEIVREAVRDWLAKRELRHDDIRRLRQLWDEGKASGRPEPVDFDALRKEARQKLTEVPPNGR,93,OrganismalFitness,F7YBW8_MESOW,idp_like,0.47,5532,3,40,1
REV_HV1H2_Fernandes_2016,REV_HV1H2,MAGRSGDSDEELIRTVRLIKLLYQSNPPPNPEGTRQARRNRRRRWRERQRQIHSISERILSTYLGRSAEPVPLQLPPLERLTLDCNEDCGTSGTQGVGSPQILVESPTVLESGTKE,116,OrganismalFitness,REV_HV1H2,idp_like,0.47,5532,3,40,1
AACC1_PSEAI_Dandage_2018,AACC1_PSEAI,MLRSSNDVTQQGSRPKTKLGGSSMGIIRTCRLGPDQVKSMRAALDLFGREFGDVATYSQHQPDSDYLGNLLRSKTFIALAAFDQEAVVGALAAYVLPKFEQPRSEIYIYDLAVSGEHRRQGIATALINLLKHEANALGAYVIYVQADYGDDPAVALYTKLGIREEVMHFDIDPSTAT,177,OrganismalFitness,AACC1_PSEAI,structured_globular,0.92,2827,3,24,1
HIS7_YEAST_Pokusaeva_2019,HIS7_YEAST,MTEQKALVKRITNETKIQIAISLKGGPLAIEHSIFPEKEAEAVAEQATQSQVINVHTGIGFLDHMIHALAKHSGWSLIVECIGDLHIDDHHTTEDCGIALGQAFKEALGAVRGVKRFGSGFAPLDEALSRAVVDLSNRPYAVVELGLQREKVGDLSCEMIPHFLESFAEASRITLHVDCLRGKNDHHRSESAFKALAVAIREATSPNGTNDVPSTKGVLM,220,OrganismalFitness,HIS7_YEAST,structured_globular,0.92,2827,3,24,1
TPK1_HUMAN_Weile_2017,TPK1_HUMAN,MEHAFTPLEPLLSTGNLKYCLVILNQPLDNYFRHLWNKALLRACADGGANRLYDITEGERESFLPEFINGDFDSIRPEVREYYATKGCELISTPDQDHTDFTKCLKMLQKKIEEKDLKVDVIVTLGGLAGRFDQIMASVNTLFQATHITPFPIIIIQEESLIYLLQPGKHRLHVDTGMEGDWCGLIPVGQPCMQVTTTGLKWNLTNDVLAFGTLVSTSNTYDGSGVVTVETDHPLLWTMAIKS,243,OrganismalFitness,TPK1_HUMAN,structured_globular,0.92,2827,3,24,1
TRPC_SACS2_Chan_2017,TRPC_SACS2,MPRYLKGWLKDVVQLSLRRPSFRASRQRPIISLNERILEFNKRNITAIIAEYKRKSPSGLDVERDPIEYSKFMERYAVGLSILTEEKYFNGSYETLRKIASSVSIPILMKDFIVKESQIDDAYNLGADTVLLIVKILTERELESLLEYARSYGMEPLIEINDENDLDIALRIGARFIGINSRDLETLEINKENQRKLISMIPSNVVKVAESGISERNEIEELRKLGVNAFLIGSSLMRNPEKIKEFIL,248,OrganismalFitness,TRPC_SACS2,structured_globular,0.92,2827,3,24,1
TRPC_THEMA_Chan_2017,TRPC_THEMA,MRRLWEIVEAKKKDILEIDGENLIVQRRNHRFLEVLSGKERVKIIAEFKKASPSAGDINADASLEDFIRMYDELADAISILTEKHYFKGDPAFVRAARNLTSRPILAKDFYIDTVQVKLASSVGADAILIIARILTAEQIKEIYEAAEELGMDSLVEVHSREDLEKVFSVIRPKIIGINTRDLDTFEIKKNVLWELLPLVPDDTVVVAESGIKDPRELKDLRGKVNAVLVGTSIMKAENPRRFLEEMRAWSE,252,OrganismalFitness,TRPC_THEMA,structured_globular,0.92,2827,3,24,1
P84126_THETH_Chan_2017,P84126_THETH,MRPDLSRVPGVLGEIARKRASEVAPYPLPEPPSVPSFKEALLRPGLSVIAEVKRQSPSEGLIREVDPVEAALAYARGGARAVSVLTEPHRFGGSLLDLKRVREAVDLPLLRKDFVVDPFMLEEARAFGASAALLIVALLGELTGAYLEEARRLGLEALVEVHTERELEIALEAGAEVLGINNRDLATLHINLETAPRLGRLARKRGFGGVLVAESGYSRKEELKALEGLFDAVLIGTSLMRAPDLEAALRELVG,254,OrganismalFitness,P84126_THETH,structured_globular,0.92,2827,3,24,1
R1AB_SARS2_Flynn_2022,R1AB_SARS2,SGFRKMAFPSGKVEGCMVQVTCGTTTLNGLWLDDVVYCPRHVICTSEDMLNPNYEDLLIRKSNHNFLVQAGNVQLRVIGHSMQNCVLKLKVDTANPKTPKYKFVRIQPGQTFSVLACYNGSPSGVYQCAMRPNFTIKGSFLNGSCGSVGFNIDYDCVSFCYMHHMELPTGVHAGTDLEGNFYGPFVDRQTAQAAGTDTTITVNVLAWLYAAVINGDRWFLNRFTTTLNDFNLVAMKYNYEPLTQDHVDILGPLSAQTGIAVLDMCASLKELLQNGMNGRTILGSALLEDEFTPFDVVRQCSGVTFQ,306,OrganismalFitness,R1AB_SARS2,structured_globular,0.92,2827,3,40,1
MTH3_HAEAE_RockahShmuel_2015,MTH3_HAEAE,MNLISLFSGAGGLDLGFQKAGFRIIAANEYDKSIWKTYESNHSAKLIKGDISKISSDEFPKCDGIIGGPPCQSWSEGGSLRGIDDPRGKLFYEYIRILKQKKPKFFLAENVKGMLAQRHNKAVQEFIQEFDNAGYDVHIILLNANDYGVAQDRKRVFYIGFRKELNINYLPPIPHLIKPTLKDVIWDLKDNPIPALDKNKTNGNKCIYPNHEYFIGSYSTIFMSRNRVRQWNEPAFTVQASGRQCQLHPQAPVMLKVSKNLNKFVEGKEHLYRRLTVRECARVQGFPDDFIFHYESLNDGYKMIGNAVPVNLAYEIAKTIKSALEIRKGN,330,OrganismalFitness,MTH3_HAEAE,structured_globular,0.92,2827,4,40,1
MK01_HUMAN_Brenan_2016,MK01_HUMAN,MAAAAAAGAGPEMVRGQVFDVGPRYTNLSYIGEGAYGMVCSAYDNVNKVRVAIKKISPFEHQTYCQRTLREIKILLRFRHENIIGINDIIRAPTIEQMKDVYIVQDLMETDLYKLLKTQHLSNDHICYFLYQILRGLKYIHSANVLHRDLKPSNLLLNTTCDLKICDFGLARVADPDHDHTGFLTEYVATRWYRAPEIMLNSKGYTKSIDIWSVGCILAEMLSNRPIFPGKHYLDQLNHILGILGSPSQEDLNCIINLKARNYLLSLPHKNKVPWNRLFPNADSKALDLLDKMLTFNPHKRIEVEQALAHPYLEQYYDPSDEPIAEAPFKFDMELDDLPKEKLKELIFEETARFQPGYRS,360,OrganismalFitness,MK01_HUMAN,structured_globular,0.92,2827,4,40,1
SERC_HUMAN_Xie_2023,SERC_HUMAN,MDAPRQVVNFGPGPAKLPHSVLLEIQKELLDYKGVGISVLEMSHRSSDFAKIINNTENLVRELLAVPDNYKVIFLQGGGCGQFSAVPLNLIGLKAGRCADYVVTGAWSAKAAEEAKKFGTINIVHPKLGSYTKIPDPSTWNLNPDASYVYYCANETVHGVEFDFIPDVKGAVLVCDMSSNFLSKPVDVSKFGVIFAGAQKNVGSAGVTVVIVRDDLLGFALRECPSVLEYKVQAGNSSLYNTPPCFSIYVMGLVLEWIKNNGGAAAMEKLSSIKSQTIYEIIDNSQGFYVCPVEPQNRSKMNIPFRIGNAKGDDALEKRFLDKALELNMLSLKGHRSVGGIRASLYNAVTIEDVQKLAAFMKKFLEMHQL,370,OrganismalFitness,SERC_HUMAN,structured_globular,0.92,2827,4,40,2
P53_HUMAN_Giacomelli_2018_Null_Etoposide,P53_HUMAN,MEEPQSDPSVEPPLSQETFSDLWKLLPENNVLSPLPSQAMDDLMLSPDDIEQWFTEDPGPDEAPRMPEAAPRVAPAPAAPTPAAPAPAPSWPLSSSVPSQKTYQGSYGFRLGFLHSGTAKSVTCTYSPALNKMFCQLAKTCPVQLWVDSTPPPGTRVRAMAIYKQSQHMTEVVRRCPHHERCSDSDGLAPPQHLIRVEGNLRVEYLDDRNTFRHSVVVPYEPPEVGSDCTTIHYNYMCNSSCMGGMNRRPILTIITLEDSSGNLLGRNSFEVRVCACPGRDRRTEEENLRKKGEPHHELPPGSTKRALPNNTSSSPQPKKKPLDGEYFTLQIRGRERFEMFRELNEALELKDAQAGKEPGGSRAHSSHLKSKKGQSTSRHKKLMFKTEGPDSD,393,OrganismalFitness,P53_HUMAN,idp_like,0.47,5532,4,40,2
TADBP_HUMAN_Bolognesi_2019,TADBP_HUMAN,MSEYIRVTEDENDEPIEIPSEDDGTVLLSTVTAQFPGACGLRYRNPVSQCMRGVRLVEGILHAPDAGWGNLVYVVNYPKDNKRKMDETDASSAVKVKRAVQKTSDLIVLGLPWKTTEQDLKEYFSTFGEVLMVQVKKDLKTGHSKGFGFVRFTEYETQVKVMSQRHMIDGRWCDCKLPNSKQSQDEPLRSRKVFVGRCTEDMTEDELREFFSQYGDVMDVFIPKPFRAFAFVTFADDQIAQSLCGEDLIIKGISVHISNAEPKHNSNRQLERSGRFGGNPGGFGNQGGFGNSRGGGAGLGNNQGSNMGGGMNFGAFSINPAMMAAAQAALQSSWGMMGMLASQQNQSGPSGNNQNQGNMQREPNQAFGSGNNSYSGSNSGAAIGWGSASNAGSGSGFNGGFGSSMDSKSSGWGM,414,OrganismalFitness,TADBP_HUMAN,large_globular_long,0.60,4334,4,40,2
GDIA_HUMAN_Silverstein_2021,GDIA_HUMAN,MDEEYDVIVLGTGLTECILSGIMSVNGKKVLHMDRNPYYGGESSSITPLEELYKRFQLLEGPPESMGRGRDWNVDLIPKFLMANGQLVKMLLYTEVTRYLDFKVVEGSFVYKGGKIYKVPSTETEALASNLMGMFEKRRFRKFLVFVANFDENDPKTFEGVDPQTTSMRDVYRKFDLGQDVIDFTGHALALYRTDDYLDQPCLETVNRIKLYSESLARYGKSPYLYPLYGLGELPQGFARLSAIYGGTYMLNKPVDDIIMENGKVVGVKSEGEVARCKQLICDPSYIPDRVRKAGQVIRIICILSHPIKNTNDANSCQIIIPQNQVNRKSDIYVCMISYAHNVAAQGKYIAIASTTVETTDPEKEVEPALELLEPIDQKFVAISDLYEPIDDGCESQVFCSCSYDATTHFETTCNDIKDIYKRMAGTAFDFENMKRKQNDVFGEAEQ,447,OrganismalFitness,GDIA_HUMAN,large_globular_long,0.60,4334,4,40,2
NRAM_I33A0_Jiang_2016,NRAM_I33A0,MNPNQKIITIGSICMVVGIISLILQIGNIISIWISHSIQTGNQNHTGICNQGIITYNVVAGQDSTSVILTGNSSLCPIRGWAIHSKDNGIRIGSKGDVFVIREPFISCSHLECRTFFLTQGALLNDKHSNGTVKDRSPYRALMSCPVGEAPSPYNSRFESVAWSASACHDGMGWLTIGISGPDNGAVAVLKYNGIITETIKSWRKKILRTQESECTCVNGSCFTIMTDGPSNGLASYKIFKIEKGKVTKSIELNAPNSHYEECSCYPDTGKVMCVCRDNWHGSNRPWVSFDQNLDYQIGYICSGVFGDNPRPKDGPGSCGPVSADGANGVKGFSYRYGNGVWIGRTKSDSSRHGFEMIWDPNGWTETDSRFSVRQDVVAMTDRSGYSGSFVQHPELTGLDCMRPCFWVELIRGRPEEETIWTSGSIISFCGVNSDTVDWSWPDGAELPFTIDK,453,OrganismalFitness,NRAM_I33A0,large_globular_long,0.60,4334,4,40,2
I6TAH8_I68A0_Doud_2015,I6TAH8_I68A0,MASQGTKRSYEQMETDGERQNATEIRASVGKMIDGIGRFYIQMCTELKLSDYEGRLIQNSLTIERMVLSAFDERRNKYLEEHPSAGKDPKKTGGPIYKRVDRKWMRELVLYDKEEIRRIWRQANNGDDATAGLTHMMIWHSNLNDTTYQRTRALVRTGMDPRMCSLMQGSTLPRRSGAAGAAVKGVGTMVMELIRMIKRGINDRNFWRGENGRKTRSAYERMCNILKGKFQTAAQRAMMDQVRESRNPGNAEIEDLIFLARSALILRGSVAHKSCLPACVYGPAVASGYDFEKEGYSLVGIDPFKLLQNSQVYSLIRPNENPAHKSQLVWMACNSAAFEDLRVLSFIRGTKVSPRGKLSTRGVQIASNENMDAMESSTLELRSRYWAIRTRSGGNTNQQRASAGQISVQPAFSVQRNLPFDKPTIMAAFTGNTEGRTSDMRAEIIRMMEGAKPEEMSFQGRGVFELSDERAANPIVPSFDMSNEGSYFFGDNAEEYDN,498,OrganismalFitness,I6TAH8_I68A0,large_globular_long,0.60,4334,4,40,2
NCAP_I34A1_Doud_2015,NCAP_I34A1,MASQGTKRSYEQMETDGERQNATEIRASVGKMIGGIGRFYIQMCTELKLSDYEGRLIQNSLTIERMVLSAFDERRNKYLEEHPSAGKDPKKTGGPIYRRVNGKWMRELILYDKEEIRRIWRQANNGDDATAGLTHMMIWHSNLNDATYQRTRALVRTGMDPRMCSLMQGSTLPRRSGAAGAAVKGVGTMVMELVRMIKRGINDRNFWRGENGRKTRIAYERMCNILKGKFQTAAQKAMMDQVRESRNPGNAEFEDLTFLARSALILRGSVAHKSCLPACVYGPAVASGYDFEREGYSLVGIDPFRLLQNSQVYSLIRPNENPAHKSQLVWMACHSAAFEDLRVLSFIKGTKVLPRGKLSTRGVQIASNENMETMESSTLELRSRYWAIRTRSGGNTNQQRASAGQISIQPTFSVQRNLPFDRTTIMAAFNGNTEGRTSDMRTEIIRMMESARPEDVSFQGRGVFELSDEKAASPIVPSFDMSNEGSYFFGDNAEEYDN,498,OrganismalFitness,NCAP_I34A1,large_globular_long,0.60,4334,4,40,2
CBS_HUMAN_Sun_2020,CBS_HUMAN,MPSETPQAEVGPTGCPHRSGPHSAKGSLEKGSPEDKEAKEPLWIRPDAPSRCTWQLGRPASESPHHHTAPAKSPKILPDILKKIGDTPMVRINKIGKKFGLKCELLAKCEFFNAGGSVKDRISLRMIEDAERDGTLKPGDTIIEPTSGNTGIGLALAAAVRGYRCIIVMPEKMSSEKVDVLRALGAEIVRTPTNARFDSPESHVGVAWRLKNEIPNSHILDQYRNASNPLAHYDTTADEILQQCDGKLDMLVASVGTGGTITGIARKLKEKCPGCRIIGVDPEGSILAEPEELNQTEQTTYEVEGIGYDFIPTVLDRTVVDKWFKSNDEEAFTFARMLIAQEGLLCGGSAGSTVAVAVKAAQELQEGQRCVVILPDSVRNYMTKFLSDRWMLQKGFLKEEDLTEKKPWWWHLRVQELGLSAPLTVLPTITCGHTIEILREKGFDQAPVVDEAGVILGMVTLGNMLSSLLAGKVQPSDQVGKVIYKQFKQIRLTDTLGRLSHILEMDHFALVVHEQIQYHSTGKSSQRQMVFGVVTAIDLLNFVAAQERDQK,551,OrganismalFitness,CBS_HUMAN,large_globular_long,0.60,4334,4,40,2
A0A2Z5U3Z0_9INFA_Doud_2016,A0A2Z5U3Z0_9INFA,MKAKLLVLLYAFVATDADTICIGYHANNSTDTVDTILEKNVAVTHSVNLLEDSHNGKLCKLKGIAPLQLGKCNITGWLLGNPECDSLLPARSWSYIVETPNSENGACYPGDLIDYEELREQLSSVSSLERFEIFPKESSWPNHTFNGVTVSCSHRGKSSFYRNLLWLTKKGDSYPKLTNSYVNNKGKEVLVLWGVHHPSSSDEQQSLYSNGNAYVSVASSNYNRRFTPEIAARPKVRDQHGRMNYYWTLLEPGDTIIFEATGNLIAPWYAFALSRGFESGIITSNASMHECNTKCQTPQGAINSNLPFQNIHPVTIGECPKYVRSTKLRMVTGLRNIPSIQYRGLFGAIAGFIEGGWTGMIDGWYGYHHQNEQGSGYAADQKSTQNAINGITNKVNSVIEKMNTQFTAVGKEFNNLEKRMENLNKKVDDGFLDIWTYNAELLVLLENERTLDFHDLNVKNLYEKVKSQLKNNAKEIGNGCFEFYHKCDNECMESVRNGTYDYPKYSEESKLNREKIDGVKLESMGVYQILAIYSTVASSLVLLVSLGAISFWMCSNGSLQCRICI,565,OrganismalFitness,A0A2Z5U3Z0_9INFA,large_globular_long,0.60,4334,5,40,2
C6KNH7_9INFA_Lee_2018,C6KNH7_9INFA,MKTIIALSYILCLVFAQKLPGNDNSTATLCLGHHAVPNGTIVKTITNDQIEVTNATELVQSSSTGEICDSPHQILDGKNCTLIDALLGDPQCDDFQNKKWDLFVERSKAYSNCYPYDVPDYASLRSLVASSGTLEFNNESFNWTGVTQNGTSSACIRRSKNSFFSRLNWLTHLNFKYPALNVTMPNNEQFDKLYIWGVLHPGTDKDQIFLYAQASGRITVSTKRSQQIVSPNIGSRPRVRNIPSRISIYWTIVKPGDILLINSTGNLIAPRGYFKIRSGKSSIMRSDAPIGKCNSECITPNGSIPNDKPFQNVNRITYGACPRYVKQNTLKLATGMRNVPEKQTRGIFGAIAGFIENGWEGMVDGWYGFRHQNSEGRGQAADLKSTQAAIDQINGKLNRLIGKTNEKFHQIEKEFSEVEGRIQDLEKYVEDTKIDLWSYNAELLVALENQHTIDLTDSEMNKLFEKTKKQLRENAEDMGNGCFKIYHKCDNACIGSIRNGTYDHDVYRDEALNNRFQIKGVELKSGYKDWILWISFAISCFLLCVALLGFIMWACQKGNIRCNICI,566,OrganismalFitness,C6KNH7_9INFA,large_globular_long,0.60,4334,5,40,2
PABP_YEAST_Melamed_2013,PABP_YEAST,MADITDKTAEQLENLNIQDDQKQAATGSESQSVENSSASLYVGDLEPSVSEAHLYDIFSPIGSVSSIRVCRDAITKTSLGYAYVNFNDHEAGRKAIEQLNYTPIKGRLCRIMWSQRDPSLRKKGSGNIFIKNLHPDIDNKALYDTFSVFGDILSSKIATDENGKSKGFGFVHFEEEGAAKEAIDALNGMLLNGQEIYVAPHLSRKERDSQLEETKAHYTNLYVKNINSETTDEQFQELFAKFGPIVSASLEKDADGKLKGFGFVNYEKHEDAVKAVEALNDSELNGEKLYVGRAQKKNERMHVLKKQYEAYRLEKMAKYQGVNLFVKNLDDSVDDEKLEEEFAPYGTITSAKVMRTENGKSKGFGFVCFSTPEEATKAITEKNQQIVAGKPLYVAIAQRKDVRRSQLAQQIQARNQMRYQQATAAAAAAAAGMPGQFMPPMFYGVMPPRGVPFNGPNPQQMNPMGGMPKNGMPPQFRNGPVYGVPPQGGFPRNANDNNQFYQQKQRQALGEQLYKKVSAKTSNEEAAGKITGMILDLPPQEVFPLLESDELFEQHYKEASAAYESFKKEQEQQTEQA,577,OrganismalFitness,PABP_YEAST,large_globular_long,0.60,4334,5,40,2
SHOC2_HUMAN_Kwon_2022,SHOC2_HUMAN,MSSSLGKEKDSKEKDPKVPSAKEREKEAKASGGFGKESKEKEPKTKGKDAKDGKKDSSAAQPGVAFSVDNTIKRPNPAPGTRKKSSNAEVIKELNKCREENSMRLDLSKRSIHILPSSIKELTQLTELYLYSNKLQSLPAEVGCLVNLMTLALSENSLTSLPDSLDNLKKLRMLDLRHNKLREIPSVVYRLDSLTTLYLRFNRITTVEKDIKNLSKLSMLSIRENKIKQLPAEIGELCNLITLDVAHNQLEHLPKEIGNCTQITNLDLQHNELLDLPDTIGNLSSLSRLGLRYNRLSAIPRSLAKCSALEELNLENNNISTLPESLLSSLVKLNSLTLARNCFQLYPVGGPSQFSTIYSLNMEHNRINKIPFGIFSRAKVLSKLNMKDNQLTSLPLDFGTWTSMVELNLATNQLTKIPEDVSGLVSLEVLILSNNLLKKLPHGLGNLRKLRELDLEENKLESLPNEIAYLKDLQKLVLTNNQLTTLPRGIGHLTNLTHLGLGENLLTHLPEEIGTLENLEELYLNDNPNLHSLPFELALCSKLSIMSIENCPLSHLPPQIVAGGPSFIIQFLKMQGPYRAMV,582,OrganismalFitness,SHOC2_HUMAN,large_globular_long,0.60,4334,5,40,2
YNZC_BACSU_Tsuboyama_2023_2JVD,YNZC_BACSU,MISNAKIARINELAAKAKAGVITEEEKAEQQKLRQEYLK,39,Stability,YNZC_BACSU,idp_like,0.47,5532,5,40,1
SQSTM_MOUSE_Tsuboyama_2023_2RRU,SQSTM_MOUSE,RLIESLSQMLSMGFSDEGGWLTRLLQTKNYDIGAALDTIQ,40,Stability,SQSTM_MOUSE,structured_globular,0.92,2827,5,24,1
VG08_BPP22_Tsuboyama_2023_2GP8,VG08_BPP22,ITGDVSAANKDAIRKQMDAAASKGDVETYRKLKAKLKGIR,40,Stability,VG08_BPP22,structured_globular,0.92,2827,5,24,1
MAFG_MOUSE_Tsuboyama_2023_1K1V,MAFG_MOUSE,LTDEELVTMSVRELNQHLRGLSKEEIIQLKQRRRTLKNRGY,41,Stability,MAFG_MOUSE,idp_like,0.47,5532,5,40,1
THO1_YEAST_Tsuboyama_2023_2WQG,THO1_YEAST,SADYSSLTVVQLKDLLTKRNLSVGGLKNEWVQRLIKDDEES,41,Stability,THO1_YEAST,structured_globular,0.92,2827,5,24,1
OTU7A_HUMAN_Tsuboyama_2023_2L2D,OTU7A_HUMAN,TLDMDAVLSDFVRSTGAEPGLARDLLEGKNWDLTAALSDYEQ,42,Stability,OTU7A_HUMAN,structured_globular,0.92,2827,5,24,1
SAV1_MOUSE_Tsuboyama_2023_2YSB,SAV1_MOUSE,GEDLPLPPGWSVDWTMRGRKYYIDHNTNTTHWSHPLESGPSSG,43,Stability,SAV1_MOUSE,idp_like,0.47,5532,6,40,1
ODP2_GEOSE_Tsuboyama_2023_1W4G,ODP2_GEOSE,NRRVIAMPSVRKWAREKGVDIRLVQGTGKNGRVLKEDIDAFLAG,44,Stability,ODP2_GEOSE,structured_globular,0.92,2827,6,24,1
RD23A_HUMAN_Tsuboyama_2023_1IFY,RD23A_HUMAN,SEYETMLTEIMSMGYERERVVAALRASYNNPHRAVEYLLTGIPG,44,Stability,RD23A_HUMAN,structured_globular,0.92,2827,6,24,1
SDA_BACSU_Tsuboyama_2023_1PV0,SDA_BACSU,MRKLSDELLIESYFKATEMNLNRDFIELIENEIKRRSLGHIISV,44,Stability,SDA_BACSU,structured_globular,0.92,2827,6,24,1
AMFR_HUMAN_Tsuboyama_2023_4G3O,AMFR_HUMAN,YFQGQLNAMAHQIQEMFPQVPYHLVLQDLQLTRSVEITTDNILEGRI,47,Stability,AMFR_HUMAN,structured_globular,0.92,2827,6,24,1
SR43C_ARATH_Tsuboyama_2023_2N88,SR43C_ARATH,AVAESVIGKRVGDDGKTIEYLVKWTDMSDATWEPQDNVDSTLVLLYQQ,48,Stability,SR43C_ARATH,structured_globular,0.92,2827,6,24,1
CBX4_HUMAN_Tsuboyama_2023_2K28,CBX4_HUMAN,AVESIEKKRIRKGRVEYLVKWRGWSPKYNTWEPEENILDPRLLIAFQNRE,50,Stability,CBX4_HUMAN,idp_like,0.47,5532,6,40,1
BCHB_CHLTE_Tsuboyama_2023_2KRU,BCHB_CHLTE,ELSWTAEAEKMLGKVPFFVRKKVRKNTDNYAREIGEPVVTADVFRKAKEHLG,52,Stability,BCHB_CHLTE,structured_globular,0.92,2827,6,24,1
PITX2_HUMAN_Tsuboyama_2023_2L7M,PITX2_HUMAN,THFTSQQLQELEATFQRNHYPDMSTREEIAVWTNLTEARVRVWFKNRRAKWR,52,Stability,PITX2_HUMAN,idp_like,0.47,5532,6,40,1
RBP1_HUMAN_Tsuboyama_2023_2KWH,RBP1_HUMAN,ETQAGIKEEIRRQEFLLNSLHRDLQGGIKDLSKEERLWEVQRILTALKRKLR,52,Stability,RBP1_HUMAN,structured_globular,0.92,2827,6,24,1
POLG_PESV_Tsuboyama_2023_2MXD,POLG_PESV,ALRDDEYDEWQDIIRDWRKEMTVQQFLDLKERALSGASDPDSQRYNAWLELRA,53,Stability,POLG_PESV,idp_like,0.47,5532,7,40,1
RAD_ANTMA_Tsuboyama_2023_2CJJ,RAD_ANTMA,PWSAKENKAFERALAVYDKDTPDRWANVARAVEGRTPEEVKKHYEILVEDIKYI,54,Stability,RAD_ANTMA,idp_like,0.47,5532,7,40,1
DN7A_SACS2_Tsuboyama_2023_1JIC,DN7A_SACS2,TVKFKYKGEEKQVDISKIKKVWRVGKMISFTYDEGGGKTGRGAVSEKDAPKELLQ,55,Stability,DN7A_SACS2,idp_like,0.47,5532,7,40,1
HCP_LAMBD_Tsuboyama_2023_2L6Q,HCP_LAMBD,VRQEELAAARAALHDLMTGKRVATVQKDGRRVEFTATSVSDLKKYIAELEVQTGM,55,Stability,HCP_LAMBD,structured_globular,0.92,2827,7,24,1
NUSG_MYCTU_Tsuboyama_2023_2MI6,NUSG_MYCTU,DYEVGESVTVMDGPFATLPATISEVNAEQQKLKVLVSIFGRETPVELTFGQVSKI,55,Stability,NUSG_MYCTU,structured_globular,0.92,2827,7,24,1
RFAH_ECOLI_Tsuboyama_2023_2LCL,RFAH_ECOLI,ATPYPGDKVIITEGAFEGFQAIFTEPDGEARSMLLLNLINKEIKHSVKNTEFRKL,55,Stability,RFAH_ECOLI,structured_globular,0.92,2827,7,24,1
VRPI_BPT7_Tsuboyama_2023_2WNM,VRPI_BPT7,SLSVDNKKFWATVESSEHSFEVPIYAETLDEALELAEWQYVPAGFEVTRVRPCVAP,56,Stability,VRPI_BPT7,structured_globular,0.92,2827,7,24,1
RCD1_ARATH_Tsuboyama_2023_5OAO,RCD1_ARATH,PTLFAAISHKVAENDMLLINADYQQLRDKKMTRAEFVRKLRVIVGDDLLRSTITTLQ,57,Stability,RCD1_ARATH,structured_globular,0.92,2827,7,24,1
SOX30_HUMAN_Tsuboyama_2023_7JJK,SOX30_HUMAN,RPMNAFMVWARIHRPALAKANPAANNAEISVQLGLEWNKLSEEQKKPYYDEAQKIKE,57,Stability,SOX30_HUMAN,idp_like,0.47,5532,7,40,1
UBR5_HUMAN_Tsuboyama_2023_1I2T,UBR5_HUMAN,HRQALGERLYPRVQAMQPAFASKITGMLLELSPAQLLLLLASEDSLRARVDEAMELII,58,Stability,UBR5_HUMAN,structured_globular,0.92,2827,7,24,1
RL20_AQUAE_Tsuboyama_2023_1GYZ,RL20_AQUAE,WIARINAAVRAYGLNYSTFINGLKKAGIELDRKILADMAVRDPQAFEQVVNKVKEALQV,59,Stability,RL20_AQUAE,structured_globular,0.92,2827,8,24,1
TNKS2_HUMAN_Tsuboyama_2023_5JRT,TNKS2_HUMAN,FSITQFVRNLGLEHLMDIFEREQITLRVLVEMGHKELKEIGINAYGHREKLIKGVERLI,59,Stability,TNKS2_HUMAN,structured_globular,0.92,2827,8,24,1
SPTN1_CHICK_Tsuboyama_2023_1TUD,SPTN1_CHICK,RQGFVPAAYVKKLDSGTGKELVLALYDYQEKSPREVTMKKGDILTLLNSTNKDWWKVEVN,60,Stability,SPTN1_CHICK,structured_globular,0.92,2827,8,24,1
MYO3_YEAST_Tsuboyama_2023_2BTT,MYO3_YEAST,KDPKFEAAYDFPGSGSSSELPLKKGDIVFISRDEPSGWSLAKLLDGSKEGWVPTAYMTPYK,61,Stability,MYO3_YEAST,idp_like,0.47,5532,8,40,1
RPC1_BP434_Tsuboyama_2023_1R69,RPC1_BP434,SISSRVKSKRIQLGLNQAELAQKVGTTQQSIEQLENGKTKRPRFLPELASALGVSVDWLLN,61,Stability,RPC1_BP434,idp_like,0.47,5532,8,40,1
PR40A_HUMAN_Tsuboyama_2023_1UZC,PR40A_HUMAN,TYTWNTKEEAKQAFKELLKEKRVPSNASWEQAMKMIINDPRYSALAKLSEKKQAFNAYKVQTE,63,Stability,PR40A_HUMAN,idp_like,0.47,5532,8,40,1
RS15_GEOSE_Tsuboyama_2023_1A32,RS15_GEOSE,SPEVQIAILTEQINNLNEHLRVHKKDHHSRRGLLKMVGKRRRLLAYLRNKDVARYREIVEKLG,63,Stability,RS15_GEOSE,idp_like,0.47,5532,8,40,1
BBC1_YEAST_Tsuboyama_2023_1TG0,BBC1_YEAST,EVPFKVVAQFPYKSDYEDDLNFEKDQEIIVTSVEDAEWYFGEYQDSNGDVIEGIFPKSFVAVQG,64,Stability,BBC1_YEAST,structured_globular,0.92,2827,8,24,1
OBSCN_HUMAN_Tsuboyama_2023_1V1C,OBSCN_HUMAN,FDIYVVTADYLPLGAEQDAITLREGQYVEVLDAAHPLRWLVRTKPTKSSPSRQGWVSPAYLDRRL,65,Stability,OBSCN_HUMAN,structured_globular,0.92,2827,8,24,1
VILI_CHICK_Tsuboyama_2023_1YU5,VILI_CHICK,KLETFPLDVLVNTAAEDLPRGVDPSRKENHLSDEDFKAVFGMTRSAFANLPLWKQQNLKKEKGLF,65,Stability,VILI_CHICK,structured_globular,0.92,2827,8,24,1
DOCK1_MOUSE_Tsuboyama_2023_2M0Y,DOCK1_MOUSE,WVPTKREEKYGVAFYNYDARGADELSLQIGDTVHILETYEGWYRGYTLRKKSKKGIFPASYIHLKE,66,Stability,DOCK1_MOUSE,structured_globular,0.92,2827,9,24,1
SRBS1_HUMAN_Tsuboyama_2023_2O2W,SRBS1_HUMAN,GIDPFTGEAIAKFNFNGDTQVEMSFRKGERITLLRQVDENWYEGRIPGTSRQGIFPITYVDVIKRPL,67,Stability,SRBS1_HUMAN,structured_globular,0.92,2827,9,24,1
PSAE_PICP2_Tsuboyama_2023_1PSE,PSAE_PICP2,AIERGSKVKILRKESYWYGDVGTVASIDKSGIIYPVIVRFNKVNYNGFSGSAGGLNTNNFAEHELEVV,68,Stability,PSAE_PICP2,structured_globular,0.92,2827,9,24,1
ARGR_ECOLI_Tsuboyama_2023_1AOY,ARGR_ECOLI,QEELVKAFKALLKEEKFSSQGEIVAALQEQGFDNINQSKVSRMLTKFGAVRTRNAKMEMVYCLPAELGV,69,Stability,ARGR_ECOLI,structured_globular,0.92,2827,9,24,1
FKBP3_HUMAN_Tsuboyama_2023_2KFV,FKBP3_HUMAN,VPQRAWTVEQLRSEQLPKKDIIKFLQEHGSDSFLAEHKLLGNIKNVAKTANKDHLVTAYNHLFETKRFK,69,Stability,FKBP3_HUMAN,structured_globular,0.92,2827,9,24,1
NUSA_ECOLI_Tsuboyama_2023_1WCL,NUSA_ECOLI,EAHAAIDTFTKYLDIDEDFATVLVEEGFSTLEELAYVPMKELLEIEGLDEPTVEALRERAKNALATIAQ,69,Stability,NUSA_ECOLI,structured_globular,0.92,2827,9,24,1
UBE4B_HUMAN_Tsuboyama_2023_3L1X,UBE4B_HUMAN,DAPDEFRDPLMDTLMTDPVRLPSGTIMDRSIILRHLLNSPTDPFNRQTLTESMLEPVPELKEQIQAWMR,69,Stability,UBE4B_HUMAN,structured_globular,0.92,2827,9,24,1
ILF3_HUMAN_Tsuboyama_2023_2L33,ILF3_HUMAN,MLTKHGKNPVMELNEKRRGLKYELISETGGSHDKRFVMEVEVDGQKFQGAGSNKKVAKAYAALAALEKLFP,71,Stability,ILF3_HUMAN,idp_like,0.47,5532,9,40,1
PKN1_HUMAN_Tsuboyama_2023_1URF,PKN1_HUMAN,GIPATNLSRVAGLEKQLAIELKVKQGAENMIQTYSNGSTKDRKLLLTAQQMLQDSKTKIDIIRMQLRRALQ,71,Stability,PKN1_HUMAN,structured_globular,0.92,2827,9,24,1
CATR_CHLRE_Tsuboyama_2023_2AMI,CATR_CHLRE,GLTEEQKQEIREAFDLFDTDGSGTIDAKELKVAMRALGFEPKKEEIKKMISEIDKDGSGTIDFEEFLTMMTA,72,Stability,CATR_CHLRE,idp_like,0.47,5532,9,40,1
CSN4_MOUSE_Tsuboyama_2023_1UFM,CSN4_MOUSE,SSGGSSILDRAVIEHNLLSASKLYNNITFEELGALLEIPAAKAEKIASQMITEGRMNGFIDQIDGIVHFETR,72,Stability,CSN4_MOUSE,structured_globular,0.92,2827,10,24,1
FECA_ECOLI_Tsuboyama_2023_2D1U,FECA_ECOLI,QVNIAPGSLDKALNQYAAHSGFTLSVDASLTRGKQSNGLHGDYDVESGLQQLLDGSGLQVKPLGNNSWTLEP,72,Stability,FECA_ECOLI,structured_globular,0.92,2827,10,24,1
HECD1_HUMAN_Tsuboyama_2023_3DKM,HECD1_HUMAN,NLYFQGLKYMVPGARVTRGLDWKWRDQDGSPQGEGTVTGELHNGWIDVTWDAGGSNSYRMGAEGKFDLKLAP,72,Stability,HECD1_HUMAN,structured_globular,0.92,2827,10,24,1
